No.,file name
29,../sv-benchmarks/c/ldv-consumption/32_7a_cilled_true-unreach-call_linux-3.8-rc1-32_7a-drivers--pcmcia--pcmcia.ko-ldv_main2_sequence_infinite_withcheck_stateful.cil.out.c
30,../sv-benchmarks/c/ldv-consumption/32_7a_cilled_true-unreach-call_linux-3.8-rc1-32_7a-drivers--md--persistent-data--dm-persistent-data.ko-ldv_main2_sequence_infinite_withcheck_stateful.cil.out.c
31,../sv-benchmarks/c/ldv-consumption/32_7a_cilled_true-unreach-call_linux-3.8-rc1-drivers--infiniband--hw--mthca--ib_mthca.ko-main.cil.out.c
32,../sv-benchmarks/c/ldv-consumption/32_7a_cilled_true-unreach-call_linux-3.8-rc1-32_7a-drivers--media--dvb-core--dvb-core.ko-ldv_main5_sequence_infinite_withcheck_stateful.cil.out.c
33,../sv-benchmarks/c/ldv-consumption/32_7a_cilled_true-unreach-call_linux-3.8-rc1-drivers--platform--x86--ideapad-laptop.ko-main.cil.out.c
34,../sv-benchmarks/c/ldv-consumption/32_7a_cilled_true-unreach-call_linux-3.8-rc1-32_7a-fs--ceph--ceph.ko-ldv_main7_sequence_infinite_withcheck_stateful.cil.out.c
35,../sv-benchmarks/c/ldv-consumption/32_7a_cilled_true-unreach-call_linux-3.8-rc1-32_7a-drivers--net--arcnet--com90xx.ko-ldv_main0_sequence_infinite_withcheck_stateful.cil.out.c
36,../sv-benchmarks/c/ldv-consumption/32_7a_cilled_true-unreach-call_linux-3.8-rc1-drivers--misc--sgi-xp--xpc.ko-main.cil.out.c
37,../sv-benchmarks/c/ldv-consumption/32_7a_cilled_true-unreach-call_linux-3.8-rc1-32_7a-drivers--net--ethernet--sfc--sfc.ko-ldv_main3_sequence_infinite_withcheck_stateful.cil.out.c
38,../sv-benchmarks/c/ldv-consumption/32_7a_cilled_true-unreach-call_linux-3.8-rc1-32_7a-kernel--rcutorture.ko-ldv_main0_sequence_infinite_withcheck_stateful.cil.out.c
39,../sv-benchmarks/c/ldv-consumption/linux-3_false-termination.8-rc1-32_7a-drivers--md--persistent-data--dm-persistent-data.ko-ldv_main3_true-unreach-call.cil.out.c
40,../sv-benchmarks/c/ldv-consumption/32_7a_cilled_true-unreach-call_linux-3.8-rc1-32_7a-drivers--staging--bcm--bcm_wimax.ko-ldv_main2_sequence_infinite_withcheck_stateful.cil.out.c
41,../sv-benchmarks/c/ldv-consumption/32_7a_cilled_true-unreach-call_linux-3.8-rc1-drivers--media--usb--tm6000--tm6000.ko-main.cil.out.c
42,../sv-benchmarks/c/ldv-consumption/32_7a_cilled_true-unreach-call_linux-3.8-rc1-drivers--media--usb--em28xx--em28xx.ko-main.cil.out.c
43,../sv-benchmarks/c/ldv-consumption/32_7a_cilled_true-unreach-call_linux-3.8-rc1-32_7a-drivers--mtd--ubi--ubi.ko-ldv_main3_sequence_infinite_withcheck_stateful.cil.out.c
44,../sv-benchmarks/c/ldv-consumption/32_7a_cilled_true-unreach-call_linux-3.8-rc1-drivers--net--wireless--rtlwifi--rtl8192de--rtl8192de.ko-main.cil.out.c
45,../sv-benchmarks/c/ldv-consumption/32_7a_cilled_true-unreach-call_linux-3.8-rc1-drivers--video--udlfb.ko-main.cil.out.c
46,../sv-benchmarks/c/ldv-consumption/linux-3.8-rc1-32_7a-drivers--net--ethernet--intel--e1000e--e1000e.ko-ldv_main1_true-unreach-call.cil.out.c
47,../sv-benchmarks/c/ldv-consumption/32_7a_cilled_true-unreach-call_linux-3.8-rc1-drivers--block--cpqarray.ko-main.cil.out.c
48,../sv-benchmarks/c/ldv-consumption/32_7a_cilled_true-unreach-call_linux-3.8-rc1-drivers--ata--pata_legacy.ko-main.cil.out.c
49,../sv-benchmarks/c/ldv-consumption/32_7a_cilled_true-unreach-call_linux-3.8-rc1-drivers--hwmon--w83792d.ko-main.cil.out.c
50,../sv-benchmarks/c/ldv-consumption/32_7a_cilled_true-unreach-call_linux-3.8-rc1-32_7a-net--batman-adv--batman-adv.ko-ldv_main15_sequence_infinite_withcheck_stateful.cil.out.c
51,../sv-benchmarks/c/ldv-consumption/32_7a_cilled_true-unreach-call_linux-3.8-rc1-drivers--tty--synclinkmp.ko-main.cil.out.c
52,../sv-benchmarks/c/ldv-consumption/32_7a_cilled_true-unreach-call_linux-3.8-rc1-drivers--usb--host--ohci-hcd.ko-main.cil.out.c
53,../sv-benchmarks/c/ldv-consumption/32_7a_cilled_true-unreach-call_linux-3.8-rc1-32_7a-drivers--net--ethernet--chelsio--cxgb4--cxgb4.ko-ldv_main0_sequence_infinite_withcheck_stateful.cil.out.c
54,../sv-benchmarks/c/ldv-consumption/linux-3_false-termination.8-rc1-32_7a-drivers--media--common--saa7146--saa7146.ko-ldv_main0_true-unreach-call.cil.out.c
55,../sv-benchmarks/c/ldv-consumption/32_7a_cilled_true-unreach-call_linux-3.8-rc1-32_7a-drivers--scsi--aic7xxx_old.ko-ldv_main0_sequence_infinite_withcheck_stateful.cil.out.c
56,../sv-benchmarks/c/ldv-consumption/32_7a_cilled_true-unreach-call_linux-3.8-rc1-32_7a-drivers--block--cciss.ko-ldv_main0_sequence_infinite_withcheck_stateful.cil.out.c
57,../sv-benchmarks/c/ldv-consumption/32_7a_cilled_true-unreach-call_linux-3.8-rc1-drivers--media--firewire--firedtv.ko-main.cil.out.c
58,../sv-benchmarks/c/ldv-consumption/32_7a_cilled_true-unreach-call_linux-3.8-rc1-drivers--mfd--sm501.ko-main.cil.out.c
59,../sv-benchmarks/c/ldv-consumption/32_7a_cilled_true-unreach-call_linux-3.8-rc1-drivers--vfio--pci--vfio-pci.ko-main.cil.out.c
60,../sv-benchmarks/c/ldv-consumption/32_7a_cilled_true-unreach-call_linux-3.8-rc1-32_7a-drivers--video--udlfb.ko-ldv_main0_sequence_infinite_withcheck_stateful.cil.out.c
61,../sv-benchmarks/c/ldv-consumption/32_7a_cilled_true-unreach-call_linux-3.8-rc1-32_7a-drivers--block--paride--pt.ko-ldv_main0_sequence_infinite_withcheck_stateful.cil.out.c
62,../sv-benchmarks/c/ldv-consumption/32_7a_cilled_true-unreach-call_linux-3.8-rc1-drivers--hwmon--w83791d.ko-main.cil.out.c
63,../sv-benchmarks/c/ldv-consumption/32_7a_cilled_true-unreach-call_linux-3.8-rc1-drivers--video--aty--radeonfb.ko-main.cil.out.c
64,../sv-benchmarks/c/ldv-consumption/linux-3.8-rc1-32_7a-drivers--usb--core--usbcore.ko-ldv_main13_true-unreach-call.cil.out.c
65,../sv-benchmarks/c/ldv-consumption/32_7a_cilled_true-unreach-call_linux-3.8-rc1-32_7a-drivers--misc--sgi-xp--xpc.ko-ldv_main0_sequence_infinite_withcheck_stateful.cil.out.c
66,../sv-benchmarks/c/ldv-consumption/32_7a_cilled_true-unreach-call_linux-3.8-rc1-32_7a-sound--core--seq--snd-seq.ko-ldv_main2_sequence_infinite_withcheck_stateful.cil.out.c
67,../sv-benchmarks/c/ldv-consumption/32_7a_cilled_true-unreach-call_linux-3.8-rc1-32_7a-drivers--block--paride--pf.ko-ldv_main0_sequence_infinite_withcheck_stateful.cil.out.c
68,../sv-benchmarks/c/ldv-consumption/32_7a_cilled_true-unreach-call_linux-3.8-rc1-drivers--media--usb--b2c2--b2c2-flexcop-usb.ko-main.cil.out.c
69,../sv-benchmarks/c/ldv-consumption/32_7a_cilled_true-unreach-call_linux-3.8-rc1-32_7a-drivers--usb--host--r8a66597-hcd.ko-ldv_main0_sequence_infinite_withcheck_stateful.cil.out.c
70,../sv-benchmarks/c/ldv-consumption/32_7a_cilled_true-unreach-call_linux-3.8-rc1-32_7a-drivers--infiniband--hw--mlx4--mlx4_ib.ko-ldv_main4_sequence_infinite_withcheck_stateful.cil.out.c
71,../sv-benchmarks/c/ldv-consumption/32_7a_cilled_true-unreach-call_linux-3.8-rc1-32_7a-drivers--message--fusion--mptsas.ko-ldv_main0_sequence_infinite_withcheck_stateful.cil.out.c
72,../sv-benchmarks/c/ldv-consumption/32_7a_cilled_true-unreach-call_linux-3.8-rc1-32_7a-drivers--net--ethernet--sfc--sfc.ko-ldv_main2_sequence_infinite_withcheck_stateful.cil.out.c
73,../sv-benchmarks/c/ldv-consumption/32_7a_cilled_true-unreach-call_linux-3.8-rc1-drivers--net--ethernet--chelsio--cxgb4--cxgb4.ko-main.cil.out.c
74,../sv-benchmarks/c/ldv-consumption/32_7a_cilled_true-unreach-call_linux-3.8-rc1-32_7a-drivers--tty--mxser.ko-ldv_main0_sequence_infinite_withcheck_stateful.cil.out.c
75,../sv-benchmarks/c/ldv-consumption/32_7a_cilled_true-unreach-call_linux-3.8-rc1-32_7a-drivers--staging--silicom--bpctl_mod.ko-ldv_main0_sequence_infinite_withcheck_stateful.cil.out.c
76,../sv-benchmarks/c/ldv-consumption/32_7a_cilled_true-unreach-call_linux-3.8-rc1-32_7a-drivers--staging--bcm--bcm_wimax.ko-ldv_main17_sequence_infinite_withcheck_stateful.cil.out.c
77,../sv-benchmarks/c/ldv-consumption/linux-3.8-rc1-32_7a-drivers--net--dsa--mv88e6xxx_drv.ko-ldv_main2_true-unreach-call.cil.out.c
78,../sv-benchmarks/c/ldv-consumption/32_7a_cilled_true-unreach-call_linux-3.8-rc1-drivers--staging--bcm--bcm_wimax.ko-main.cil.out.c
79,../sv-benchmarks/c/ldv-consumption/32_7a_cilled_true-unreach-call_linux-3.8-rc1-drivers--scsi--aic7xxx_old.ko-main.cil.out.c
80,../sv-benchmarks/c/ldv-consumption/32_7a_cilled_true-unreach-call_linux-3.8-rc1-32_7a-drivers--block--paride--pg.ko-ldv_main0_sequence_infinite_withcheck_stateful.cil.out.c
81,../sv-benchmarks/c/ldv-consumption/32_7a_cilled_true-unreach-call_linux-3.8-rc1-32_7a-drivers--media--tuners--tda18271.ko-ldv_main2_sequence_infinite_withcheck_stateful.cil.out.c
82,../sv-benchmarks/c/ldv-consumption/32_7a_cilled_true-unreach-call_linux-3.8-rc1-32_7a-drivers--net--wireless--rndis_wlan.ko-ldv_main0_sequence_infinite_withcheck_stateful.cil.out.c
83,../sv-benchmarks/c/ldv-consumption/32_7a_cilled_true-unreach-call_linux-3.8-rc1-32_7a-drivers--hwmon--applesmc.ko-ldv_main0_sequence_infinite_withcheck_stateful.cil.out.c
84,../sv-benchmarks/c/ldv-consumption/32_7a_cilled_true-unreach-call_linux-3.8-rc1-32_7a-drivers--net--ethernet--neterion--vxge--vxge.ko-ldv_main3_sequence_infinite_withcheck_stateful.cil.out.c
85,../sv-benchmarks/c/ldv-consumption/32_7a_cilled_true-unreach-call_linux-3.8-rc1-32_7a-drivers--net--wireless--zd1211rw--zd1211rw.ko-ldv_main1_sequence_infinite_withcheck_stateful.cil.out.c
86,../sv-benchmarks/c/ldv-consumption/32_7a_cilled_true-unreach-call_linux-3.8-rc1-drivers--net--wireless--hostap--hostap.ko-main.cil.out.c
87,../sv-benchmarks/c/ldv-consumption/32_7a_cilled_true-unreach-call_linux-3.8-rc1-32_7a-drivers--scsi--be2iscsi--be2iscsi.ko-ldv_main1_sequence_infinite_withcheck_stateful.cil.out.c
88,../sv-benchmarks/c/ldv-consumption/32_7a_cilled_true-unreach-call_linux-3.8-rc1-32_7a-drivers--net--ethernet--cisco--enic--enic.ko-ldv_main0_sequence_infinite_withcheck_stateful.cil.out.c
89,../sv-benchmarks/c/ldv-consumption/32_7a_cilled_true-unreach-call_linux-3.8-rc1-32_7a-drivers--net--ethernet--tehuti--tehuti.ko-ldv_main0_sequence_infinite_withcheck_stateful.cil.out.c
90,../sv-benchmarks/c/ldv-consumption/32_7a_cilled_true-unreach-call_linux-3.8-rc1-32_7a-drivers--isdn--i4l--isdn.ko-ldv_main3_sequence_infinite_withcheck_stateful.cil.out.c
91,../sv-benchmarks/c/ldv-consumption/linux-3.8-rc1-32_7a-drivers--net--ethernet--emulex--benet--be2net.ko-ldv_main2_true-unreach-call.cil.out.c
92,../sv-benchmarks/c/ldv-consumption/32_7a_cilled_true-unreach-call_linux-3.8-rc1-32_7a-drivers--mmc--host--sdhci.ko-ldv_main0_sequence_infinite_withcheck_stateful.cil.out.c
93,../sv-benchmarks/c/ldv-consumption/32_7a_cilled_true-unreach-call_linux-3.8-rc1-32_7a-drivers--net--wireless--ipw2x00--ipw2100.ko-ldv_main0_sequence_infinite_withcheck_stateful.cil.out.c
94,../sv-benchmarks/c/ldv-consumption/32_7a_cilled_true-unreach-call_linux-3.8-rc1-32_7a-drivers--net--ethernet--intel--e1000e--e1000e.ko-ldv_main1_sequence_infinite_withcheck_stateful.cil.out.c
95,../sv-benchmarks/c/ldv-consumption/32_7a_cilled_true-unreach-call_linux-3.8-rc1-32_7a-drivers--platform--x86--samsung-laptop.ko-ldv_main0_sequence_infinite_withcheck_stateful.cil.out.c
96,../sv-benchmarks/c/ldv-consumption/linux-3.8-rc1-32_7a-drivers--net--ethernet--qlogic--qlge--qlge.ko-ldv_main0_true-unreach-call.cil.out.c
97,../sv-benchmarks/c/ldv-consumption/32_7a_cilled_true-unreach-call_linux-3.8-rc1-drivers--md--dm-snapshot.ko-main.cil.out.c
98,../sv-benchmarks/c/ldv-consumption/32_7a_cilled_true-unreach-call_linux-3.8-rc1-32_7a-drivers--video--smscufx.ko-ldv_main0_sequence_infinite_withcheck_stateful.cil.out.c
99,../sv-benchmarks/c/ldv-consumption/32_7a_cilled_true-unreach-call_linux-3.8-rc1-drivers--char--ipmi--ipmi_msghandler.ko-main.cil.out.c
100,../sv-benchmarks/c/ldv-consumption/linux-3.8-rc1-32_7a-drivers--hwmon--w83793.ko-ldv_main0_true-unreach-call.cil.out.c
101,../sv-benchmarks/c/ldv-consumption/32_7a_cilled_true-unreach-call_linux-3.8-rc1-drivers--hwmon--w83781d.ko-main.cil.out.c
102,../sv-benchmarks/c/ldv-consumption/32_7a_cilled_true-unreach-call_linux-3.8-rc1-drivers--scsi--scsi_tgt.ko-main.cil.out.c
103,../sv-benchmarks/c/ldv-consumption/32_7a_cilled_true-unreach-call_linux-3.8-rc1-32_7a-drivers--staging--speakup--speakup.ko-ldv_main4_sequence_infinite_withcheck_stateful.cil.out.c
104,../sv-benchmarks/c/ldv-consumption/32_7a_cilled_true-unreach-call_linux-3.8-rc1-32_7a-drivers--staging--rtl8192e--rtl8192e--r8192e_pci.ko-ldv_main7_sequence_infinite_withcheck_stateful.cil.out.c
105,../sv-benchmarks/c/ldv-consumption/32_7a_cilled_true-unreach-call_linux-3.8-rc1-32_7a-drivers--media--usb--gspca--gspca_topro.ko-ldv_main0_sequence_infinite_withcheck_stateful.cil.out.c
106,../sv-benchmarks/c/ldv-consumption/32_7a_cilled_true-unreach-call_linux-3_true-termination.8-rc1-32_7a-drivers--net--ethernet--i825xx--znet.ko-ldv_main0_sequence_infinite_withcheck_stateful.cil.out.c
107,../sv-benchmarks/c/ldv-consumption/32_7a_cilled_true-unreach-call_linux-3.8-rc1-drivers--block--paride--pf.ko-main.cil.out.c
108,../sv-benchmarks/c/ldv-consumption/32_7a_cilled_true-unreach-call_linux-3.8-rc1-32_7a-fs--nfs--nfsv4.ko-ldv_main4_sequence_infinite_withcheck_stateful.cil.out.c
109,../sv-benchmarks/c/ldv-consumption/32_7a_cilled_true-unreach-call_linux-3.8-rc1-32_7a-drivers--isdn--hisax--hisax.ko-ldv_main0_sequence_infinite_withcheck_stateful.cil.out.c
110,../sv-benchmarks/c/ldv-consumption/32_7a_cilled_true-unreach-call_linux-3.8-rc1-32_7a-drivers--video--via--viafb.ko-ldv_main12_sequence_infinite_withcheck_stateful.cil.out.c
111,../sv-benchmarks/c/ldv-consumption/32_7a_cilled_true-unreach-call_linux-3.8-rc1-32_7a-drivers--net--usb--hso.ko-ldv_main0_sequence_infinite_withcheck_stateful.cil.out.c
112,../sv-benchmarks/c/ldv-consumption/32_7a_cilled_true-unreach-call_linux-3.8-rc1-drivers--hwmon--asb100.ko-main.cil.out.c
113,../sv-benchmarks/c/ldv-consumption/32_7a_cilled_true-unreach-call_linux-3.8-rc1-32_7a-drivers--media--v4l2-core--videobuf-dma-contig.ko-ldv_main0_sequence_infinite_withcheck_stateful.cil.out.c
