No.,file name,valid
0,../sv-benchmarks/c/ssh-simplified/s3_srvr_2_true-unreach-call.cil.c,0
1,../sv-benchmarks/c/ntdrivers/cdaudio_true-unreach-call.i.cil.c,1
2,../sv-benchmarks/c/ntdrivers/floppy_true-unreach-call_true-valid-memsafety.i.cil.c,1
3,../sv-benchmarks/c/ntdrivers/floppy2_true-unreach-call.i.cil.c,1
4,../sv-benchmarks/c/ssh/s3_srvr.blast.06_true-unreach-call.i.cil.c,1
5,../sv-benchmarks/c/ssh/s3_srvr.blast.12_true-unreach-call.i.cil.c,0
6,../sv-benchmarks/c/ssh/s3_srvr.blast.14_true-unreach-call.i.cil.c,0
7,../sv-benchmarks/c/ssh/s3_srvr.blast.08_true-unreach-call.i.cil.c,1
8,../sv-benchmarks/c/ssh/s3_srvr.blast.07_true-unreach-call.i.cil.c,0
9,../sv-benchmarks/c/systemc/token_ring.03_true-unreach-call_false-termination.cil.c,1
10,../sv-benchmarks/c/systemc/kundu_true-unreach-call_false-termination.cil.c,1
11,../sv-benchmarks/c/seq-mthreaded/rekcba_nxt_true-unreach-call.1.M1.c,1
12,../sv-benchmarks/c/ldv-linux-3.0/usb_urb-drivers-vhost-vhost_net.ko_true-unreach-call.cil.out.i.pp.i,1
13,../sv-benchmarks/c/ldv-linux-3.0/module_get_put-drivers-staging-et131x-et131x.ko_true-unreach-call.cil.out.i.pp.i,1
14,../sv-benchmarks/c/ldv-linux-3.0/usb_urb-drivers-usb-serial-whiteheat.ko_true-unreach-call.cil.out.i.pp.i,1
15,../sv-benchmarks/c/ldv-linux-3.0/module_get_put-drivers-net-atl1c-atl1c.ko_true-unreach-call.cil.out.i.pp.i,1
16,../sv-benchmarks/c/ldv-linux-3.0/module_get_put-drivers-video-aty-aty128fb.ko_true-unreach-call.cil.out.i.pp.i,1
17,../sv-benchmarks/c/ldv-linux-3.0/module_get_put-drivers-scsi-megaraid.ko_true-unreach-call.cil.out.i.pp.i,1
18,../sv-benchmarks/c/ldv-linux-3.0/module_get_put-drivers-net-sis900.ko_true-unreach-call.cil.out.i.pp.i,1
19,../sv-benchmarks/c/ldv-linux-3.0/usb_urb-drivers-video-arkfb.ko_true-unreach-call.cil.out.i.pp.i,1
20,../sv-benchmarks/c/ldv-linux-3.0/module_get_put-drivers-block-paride-pt.ko_true-unreach-call.cil.out.i.pp.i,1
21,../sv-benchmarks/c/ldv-linux-3.4-simple/32_1_cilled_true-unreach-call_ok_nondet_linux-3.4-32_1-drivers--block--paride--on26.ko-ldv_main0_sequence_infinite_withcheck_stateful.cil.out.c,1
22,../sv-benchmarks/c/ldv-linux-3.4-simple/32_1_cilled_true-unreach-call_ok_nondet_linux-3.4-32_1-drivers--block--paride--bpck.ko-ldv_main0_sequence_infinite_withcheck_stateful.cil.out.c,1
23,../sv-benchmarks/c/ldv-linux-3.4-simple/43_1a_cilled_true-unreach-call_ok_nondet_linux-43_1a-drivers--mtd--nftl.ko-ldv_main0_sequence_infinite_withcheck_stateful.cil.out.c,1
24,../sv-benchmarks/c/ldv-linux-3.4-simple/32_1_cilled_true-unreach-call_ok_nondet_linux-3.4-32_1-drivers--net--wireless--mwifiex--mwifiex_pcie.ko-ldv_main0_sequence_infinite_withcheck_stateful.cil.out.c,1
25,../sv-benchmarks/c/ldv-linux-3.4-simple/43_1a_cilled_true-unreach-call_ok_nondet_linux-43_1a-drivers--net--wireless--mwifiex--mwifiex_pcie_true-termination.ko-ldv_main0_sequence_infinite_withcheck_stateful.cil.out.c,1
26,../sv-benchmarks/c/ldv-linux-3.4-simple/43_1a_cilled_true-unreach-call_ok_nondet_linux-43_1a-drivers--media--dvb--frontends--cxd2820r.ko-ldv_main0_sequence_infinite_withcheck_stateful.cil.out.c,0
27,../sv-benchmarks/c/ldv-linux-3.4-simple/43_1a_cilled_true-unreach-call_ok_nondet_linux-43_1a-drivers--usb--serial--mos7840_false-termination.ko-ldv_main0_sequence_infinite_withcheck_stateful.cil.out.c,1
28,../sv-benchmarks/c/ldv-linux-3.4-simple/43_1a_cilled_true-unreach-call_ok_nondet_linux-43_1a-drivers--mtd--inftl.ko-ldv_main0_sequence_infinite_withcheck_stateful.cil.out.c,1
29,../sv-benchmarks/c/reducercommutativity/avg40_true-unreach-call.i,0
30,../sv-benchmarks/c/reducercommutativity/avg60_true-unreach-call.i,0
31,../sv-benchmarks/c/reducercommutativity/max60_true-unreach-call.i,1
32,../sv-benchmarks/c/reducercommutativity/sum60_true-unreach-call.i,0
33,../sv-benchmarks/c/reducercommutativity/sum05_true-unreach-call_true-termination.i,0
34,../sv-benchmarks/c/reducercommutativity/max40_true-unreach-call.i,0
35,../sv-benchmarks/c/reducercommutativity/sum40_true-unreach-call.i,0
36,../sv-benchmarks/c/reducercommutativity/sep60_true-unreach-call.i,0
37,../sv-benchmarks/c/loops/lu.cmp_true-unreach-call.i,0
38,../sv-benchmarks/c/loop-lit/gj2007_true-unreach-call_true-termination.c.i,0
39,../sv-benchmarks/c/loop-new/nested_true-unreach-call_true-termination.i,1
40,../sv-benchmarks/c/product-lines/email_spec4_product29_true-unreach-call_true-termination.cil.c,1
41,../sv-benchmarks/c/product-lines/minepump_spec5_product56_true-unreach-call_false-termination.cil.c,1
42,../sv-benchmarks/c/product-lines/minepump_spec5_productSimulator_true-unreach-call_false-termination.cil.c,1
43,../sv-benchmarks/c/ldv-commit-tester/main3_true-unreach-call_drivers-media-video-tlg2300-poseidon-ko--32_7a--4a349aa_false-termination.c,1
44,../sv-benchmarks/c/ldv-commit-tester/main2_true-unreach-call_drivers-media-video-tlg2300-poseidon-ko--32_7a--4a349aa-1_false-termination.c,1
45,../sv-benchmarks/c/ldv-commit-tester/main2_true-unreach-call_drivers-media-video-tlg2300-poseidon-ko--32_7a--4a349aa_false-termination.c,1
46,../sv-benchmarks/c/ldv-commit-tester/main3_true-unreach-call_drivers-media-video-tlg2300-poseidon-ko--32_7a--4a349aa-1_false-termination.c,1
47,../sv-benchmarks/c/ldv-commit-tester/main0_true-unreach-call_drivers-media-video-tlg2300-poseidon-ko--32_7a--4a349aa.c,1
48,../sv-benchmarks/c/ldv-commit-tester/m0_true-unreach-call_drivers-hwmon-ibmpex-ko--130_7a--d631323.c,1
49,../sv-benchmarks/c/ldv-consumption/32_7a_cilled_true-unreach-call_linux-3.8-rc1-32_7a-drivers--platform--x86--samsung-laptop.ko-ldv_main0_sequence_infinite_withcheck_stateful.cil.out.c,1
50,../sv-benchmarks/c/ldv-consumption/32_7a_cilled_true-unreach-call_linux-3.8-rc1-32_7a-drivers--video--udlfb.ko-ldv_main0_sequence_infinite_withcheck_stateful.cil.out.c,1
51,../sv-benchmarks/c/ldv-consumption/32_7a_cilled_true-unreach-call_linux-3.8-rc1-32_7a-drivers--block--paride--pg.ko-ldv_main0_sequence_infinite_withcheck_stateful.cil.out.c,1
52,../sv-benchmarks/c/ldv-consumption/32_7a_cilled_true-unreach-call_linux-3.8-rc1-drivers--misc--phantom.ko-main.cil.out.c,1
53,../sv-benchmarks/c/ldv-consumption/32_7a_cilled_true-unreach-call_linux-3.8-rc1-32_7a-drivers--net--ethernet--tehuti--tehuti.ko-ldv_main0_sequence_infinite_withcheck_stateful.cil.out.c,1
54,../sv-benchmarks/c/ldv-consumption/linux-3_false-termination.8-rc1-32_7a-drivers--media--common--saa7146--saa7146.ko-ldv_main0_true-unreach-call.cil.out.c,1
55,../sv-benchmarks/c/ldv-consumption/32_7a_cilled_true-unreach-call_linux-3_true-termination.8-rc1-32_7a-drivers--net--ethernet--i825xx--znet.ko-ldv_main0_sequence_infinite_withcheck_stateful.cil.out.c,1
56,../sv-benchmarks/c/ldv-consumption/32_7a_cilled_true-unreach-call_linux-3.8-rc1-drivers--ata--pata_legacy.ko-main.cil.out.c,1
57,../sv-benchmarks/c/ldv-consumption/32_7a_cilled_true-unreach-call_linux-3.8-rc1-drivers--block--paride--pg.ko-main.cil.out.c,1
58,../sv-benchmarks/c/ldv-consumption/32_7a_cilled_true-unreach-call_linux-3.8-rc1-32_7a-drivers--block--paride--pf.ko-ldv_main0_sequence_infinite_withcheck_stateful.cil.out.c,1
59,../sv-benchmarks/c/ldv-consumption/32_7a_cilled_true-unreach-call_linux-3.8-rc1-drivers--isdn--mISDN--l1oip.ko-main.cil.out.c,1
60,../sv-benchmarks/c/ldv-consumption/32_7a_cilled_true-unreach-call_linux-3.8-rc1-32_7a-drivers--infiniband--hw--cxgb3--iw_cxgb3.ko-ldv_main6_sequence_infinite_withcheck_stateful.cil.out.c,1
61,../sv-benchmarks/c/ldv-consumption/32_7a_cilled_true-unreach-call_linux-3.8-rc1-32_7a-sound--core--oss--snd-mixer-oss.ko-ldv_main0_sequence_infinite_withcheck_stateful.cil.out.c,1
62,../sv-benchmarks/c/ldv-consumption/32_7a_cilled_true-unreach-call_linux-3.8-rc1-drivers--hwmon--w83791d.ko-main.cil.out.c,1
