No.,file name
0,../sv-benchmarks/c/array-tiling/rewrev_true-unreach-call.i
1,../sv-benchmarks/c/array-tiling/revcpyswp2_true-unreach-call.i
2,../sv-benchmarks/c/array-tiling/pr3_true-unreach-call.i
3,../sv-benchmarks/c/array-tiling/rewnifrev2_true-unreach-call.i
4,../sv-benchmarks/c/array-tiling/tcpy_true-unreach-call.i
5,../sv-benchmarks/c/array-tiling/rewnif_true-unreach-call.i
6,../sv-benchmarks/c/array-tiling/rew_true-unreach-call.i
7,../sv-benchmarks/c/array-tiling/mbpr2_true-unreach-call.i
8,../sv-benchmarks/c/array-tiling/nr2_true-unreach-call.i
9,../sv-benchmarks/c/array-tiling/pr2_true-unreach-call.i
10,../sv-benchmarks/c/array-tiling/pnr2_true-unreach-call.i
11,../sv-benchmarks/c/array-tiling/mbpr4_true-unreach-call.i
12,../sv-benchmarks/c/array-tiling/pnr3_true-unreach-call.i
13,../sv-benchmarks/c/array-tiling/poly1_true-unreach-call.i
14,../sv-benchmarks/c/array-tiling/poly2_true-unreach-call.i
15,../sv-benchmarks/c/array-tiling/pnr4_true-unreach-call.i
16,../sv-benchmarks/c/array-tiling/mbpr3_true-unreach-call.i
17,../sv-benchmarks/c/array-tiling/mbpr5_true-unreach-call.i
18,../sv-benchmarks/c/array-tiling/pnr5_true-unreach-call.i
19,../sv-benchmarks/c/array-tiling/nr5_true-unreach-call.i
20,../sv-benchmarks/c/array-tiling/pr5_true-unreach-call.i
21,../sv-benchmarks/c/array-tiling/nr3_true-unreach-call.i
22,../sv-benchmarks/c/array-tiling/rewnifrev_true-unreach-call.i
23,../sv-benchmarks/c/array-tiling/skipped_true-unreach-call.i
24,../sv-benchmarks/c/array-tiling/nr4_true-unreach-call.i
25,../sv-benchmarks/c/array-tiling/pr4_true-unreach-call.i
