Filename,Dy-CSRPO-ABEl.csv-NoAbs,Dy-ABlkDFSCSRPO-ABEl.csv-NoAbs,Dy-ABlkBFSCSRPO-ABEl.csv-NoAbs,Dy-ABlkCSRPO-ABEl.csv-NoAbs,Dy-CSRPO-ABEl-FC.csv-NoAbs,Dy-ABlkDFSCSRPO-ABEl-FC.csv-NoAbs,Dy-ABlkBFSCSRPO-ABEl-FC.csv-NoAbs,Dy-ABlkCSRPO-ABEl-FC.csv-NoAbs,Dy-CSRPO-ABEl-FCm.csv-NoAbs,Dy-ABlkDFSCSRPO-ABEl-FCm.csv-NoAbs,Dy-ABlkBFSCSRPO-ABEl-FCm.csv-NoAbs,Dy-ABlkCSRPO-ABEl-FCm.csv-NoAbs,Dy-CSRPO-lf.csv-NoAbs,Dy-ABlkDFSCSRPO-lf.csv-NoAbs,Dy-ABlkBFSCSRPO-lf.csv-NoAbs,Dy-ABlkCSRPO-lf.csv-NoAbs,Dy-CSRPO-lf-FC.csv-NoAbs,Dy-ABlkDFSCSRPO-lf-FC.csv-NoAbs,Dy-ABlkBFSCSRPO-lf-FC.csv-NoAbs,Dy-ABlkCSRPO-lf-FC.csv-NoAbs,Dy-CSRPO-lf-FCm.csv-NoAbs,Dy-ABlkDFSCSRPO-lf-FCm.csv-NoAbs,Dy-ABlkBFSCSRPO-lf-FCm.csv-NoAbs,Dy-ABlkCSRPO-lf-FCm.csv-NoAbs,Dy-CSRPO-PredAbs-ABEl.csv-NoAbs,Dy-ABlkDFSCSRPO-PredAbs-ABEl.csv-NoAbs,Dy-ABlkBFSCSRPO-PredAbs-ABEl.csv-NoAbs,Dy-ABlkCSRPO-PredAbs-ABEl.csv-NoAbs,Dy-CSRPO-PredAbs-ABElf.csv-NoAbs,Dy-ABlkDFSCSRPO-PredAbs-ABElf.csv-NoAbs,Dy-ABlkBFSCSRPO-PredAbs-ABElf.csv-NoAbs,Dy-ABlkCSRPO-PredAbs-ABElf.csv-NoAbs
git/pacc_cpachecker/DyResults/Summary/s3_srvr.blast.07_true-unreach-call.i.cil.c.csv,17.0,17.0,17.0,17.0,18.0,18.0,18.0,18.0,17.5,17.5,17.6,17.4,18.0,35.0,35.0,35.0,17.0,33.0,33.0,33.0,18.0,35.0,35.0,35.0,48.0,48.0,48.0,48.0,152.0,194.0,194.0,194.0
git/pacc_cpachecker/DyResults/Summary/s3_srvr.blast.15_true-unreach-call.i.cil.c.csv,17.0,17.0,17.0,17.0,22.0,22.0,22.0,22.0,21.0,21.0,21.0,21.0,24.0,47.0,47.0,47.0,22.0,43.0,43.0,43.0,22.0,43.0,43.0,43.0,85.0,85.0,85.0,85.0,138.0,171.0,171.0,171.0
git/pacc_cpachecker/DyResults/Summary/s3_srvr.blast.02_true-unreach-call.i.cil.c.csv,21.0,21.0,21.0,21.0,19.0,19.0,19.0,19.0,20.0,20.0,20.0,20.0,21.0,41.0,41.0,41.0,20.0,39.0,39.0,39.0,21.0,41.0,41.0,41.0,79.0,79.0,79.0,79.0,50.0,70.0,70.0,70.0
git/pacc_cpachecker/DyResults/Summary/s3_srvr.blast.10_false-unreach-call.i.cil.c.csv,10.0,10.0,10.0,10.0,10.0,10.0,10.0,10.0,10.0,10.0,10.0,10.0,11.0,21.0,21.0,21.0,11.0,21.0,21.0,21.0,11.0,21.0,21.0,21.0,27.0,27.0,27.0,27.0,39.0,71.0,71.0,71.0
git/pacc_cpachecker/DyResults/Summary/s3_clnt.blast.02_false-unreach-call.i.cil.c.csv,6.0,6.0,6.0,6.0,6.0,6.0,6.0,6.0,6.0,6.0,6.0,6.0,7.0,12.0,12.0,12.0,7.0,12.0,12.0,12.0,7.0,12.0,12.0,12.0,14.0,14.0,14.0,14.0,16.0,26.0,26.0,26.0
git/pacc_cpachecker/DyResults/Summary/cdaudio_true-unreach-call.i.cil.c.csv,16.0,10.0,10.0,10.0,10.0,10.0,10.0,10.0,10.0,10.0,10.0,10.0,1373.0,1601.0,1497.0,1593.0,721.0,875.0,844.0,911.0,746.0,887.0,852.0,927.0,26.0,25.0,25.0,25.0,71905.0,31247.0,69096.0,65956.0
git/pacc_cpachecker/DyResults/Summary/s3_srvr.blast.13_false-unreach-call.i.cil.c.csv,6.0,6.0,6.0,6.0,6.0,6.0,6.0,6.0,6.0,6.0,6.0,6.0,7.0,13.0,13.0,13.0,7.0,13.0,13.0,13.0,7.0,13.0,13.0,13.0,14.0,14.0,14.0,14.0,19.0,33.0,33.0,33.0
git/pacc_cpachecker/DyResults/Summary/s3_clnt.blast.02_true-unreach-call.i.cil.c.csv,19.0,19.0,19.0,19.0,14.0,14.0,14.0,14.0,15.0,15.0,15.0,15.0,27.0,32.0,32.0,32.0,32.0,32.0,32.0,32.0,32.0,32.0,32.0,32.0,52.0,52.0,52.0,52.0,84.0,128.0,128.0,128.0
git/pacc_cpachecker/DyResults/Summary/s3_srvr.blast.16_true-unreach-call.i.cil.c.csv,23.0,23.0,23.0,23.0,22.3,22.2,22.3333333333,22.0,17.0,17.0,17.0,17.0,18.0,35.0,35.0,35.0,21.0,41.0,41.0,41.0,14.0,27.0,27.0,27.0,105.0,105.0,105.0,105.0,58.0,109.0,109.0,109.0
git/pacc_cpachecker/DyResults/Summary/s3_srvr.blast.07_false-unreach-call.i.cil.c.csv,6.0,6.0,6.0,6.0,6.0,6.0,6.0,6.0,6.0,6.0,6.0,6.0,7.0,13.0,13.0,13.0,7.0,13.0,13.0,13.0,7.0,13.0,13.0,13.0,17.0,17.0,17.0,17.0,23.0,40.0,40.0,40.0
git/pacc_cpachecker/DyResults/Summary/floppy_false-unreach-call.i.cil.c.csv,412.0,6.0,6.0,6.0,144.4,6.0,6.0,6.0,150.5,6.0,6.0,6.0,2488.0,55.0,275.0,3574.2,936.0,55.0,242.0,909.0,952.0,55.0,242.0,909.0,1402.0,6.0,6.0,6.0,19601.0,229.0,4660.0,13179.0
git/pacc_cpachecker/DyResults/Summary/s3_srvr.blast.04_false-unreach-call.i.cil.c.csv,4.0,4.0,4.0,4.0,4.0,4.0,4.0,4.0,4.0,4.0,4.0,4.0,5.0,9.0,9.0,9.0,5.0,9.0,9.0,9.0,5.0,9.0,9.0,9.0,7.0,7.0,7.0,7.0,8.0,13.0,13.0,13.0
git/pacc_cpachecker/DyResults/Summary/s3_srvr.blast.08_false-unreach-call.i.cil.c.csv,10.0,10.0,10.0,10.0,10.0,10.0,10.0,10.0,10.0,10.0,10.0,10.0,11.0,21.0,21.0,21.0,11.0,21.0,21.0,21.0,11.0,21.0,21.0,21.0,26.0,26.0,26.0,26.0,39.0,71.0,71.0,71.0
git/pacc_cpachecker/DyResults/Summary/s3_srvr.blast.01_false-unreach-call.i.cil.c.csv,4.0,4.0,4.0,4.0,4.0,4.0,4.0,4.0,4.0,4.0,4.0,4.0,5.0,9.0,9.0,9.0,5.0,9.0,9.0,9.0,5.0,9.0,9.0,9.0,10.0,10.0,10.0,10.0,11.0,18.0,18.0,18.0
git/pacc_cpachecker/DyResults/Summary/s3_clnt.blast.04_false-unreach-call.i.cil.c.csv,6.0,6.0,6.0,6.0,6.0,6.0,6.0,6.0,6.0,6.0,6.0,6.0,7.0,12.0,12.0,12.0,7.0,12.0,12.0,12.0,7.0,12.0,12.0,12.0,14.0,14.0,14.0,14.0,16.0,26.0,26.0,26.0
git/pacc_cpachecker/DyResults/Summary/s3_srvr.blast.08_true-unreach-call.i.cil.c.csv,21.0,21.0,21.0,21.0,20.0,20.0,20.0,20.0,19.0,19.0,19.0,19.0,21.0,41.0,41.0,41.0,20.0,39.0,39.0,39.0,20.0,39.0,39.0,39.0,78.0,78.0,78.0,78.0,189.0,270.0,270.0,270.0
git/pacc_cpachecker/DyResults/Summary/s3_srvr.blast.16_false-unreach-call.i.cil.c.csv,6.0,6.0,6.0,6.0,6.0,6.0,6.0,6.0,6.0,6.0,6.0,6.0,7.0,13.0,13.0,13.0,7.0,13.0,13.0,13.0,7.0,13.0,13.0,13.0,16.0,16.0,16.0,16.0,20.0,35.0,35.0,35.0
git/pacc_cpachecker/DyResults/Summary/diskperf_true-unreach-call.i.cil.c.csv,4.0,3.0,3.0,3.0,2.0,2.0,2.0,2.0,2.0,2.0,2.0,2.0,8411.0,9133.0,5882.0,9860.0,1207.0,1835.0,1002.0,1479.0,1276.0,1859.0,1002.0,1892.0,6.0,6.0,6.0,6.0,48615.0,17743.0,22468.0,29644.0
git/pacc_cpachecker/DyResults/Summary/kbfiltr_false-unreach-call.i.cil.c.csv,0.0,0.0,0.0,0.0,0.0,0.0,0.0,0.0,0.0,0.0,0.0,0.0,187.0,209.0,278.0,293.0,174.0,179.0,224.0,241.0,174.0,179.0,224.0,241.0,0.0,0.0,0.0,0.0,1726.0,1177.0,3633.0,2429.0
git/pacc_cpachecker/DyResults/Summary/s3_srvr.blast.09_true-unreach-call.i.cil.c.csv,19.0,19.0,19.0,19.0,11.0,11.0,11.0,11.0,18.0,18.0,18.0,18.0,18.0,35.0,35.0,35.0,17.0,33.0,33.0,33.0,18.0,35.0,35.0,35.0,86.7,86.3,86.5,86.4,138.0,168.0,168.0,168.0
git/pacc_cpachecker/DyResults/Summary/parport_false-unreach-call.i.cil.c.csv,133.0,9.0,9.0,9.0,133.0,9.0,9.0,9.0,133.0,9.0,9.0,9.0,523784.25,74.0,120.0,244.0,1401.0,41.0,120.0,244.0,3069.0,41.0,120.0,244.0,133.0,9.0,9.0,9.0,3979.0,170.0,571.0,269.0
git/pacc_cpachecker/DyResults/Summary/cdaudio_false-unreach-call.i.cil.c.csv,1261.5,1422.8,1523.77777778,1527.77777778,1248.3,1407.2,1388.0,1389.55555556,1252.7,1414.7,1538.9,486.4,15676.0,17234.4,28414.9,17729.8,10395.3,12021.8,18239.0,11945.0,13006.5,14478.6,23100.8,14747.2,21409.0,11254.5714286,11250.1,11285.0,30051.7,27872.1,40132.3333333,32206.0
git/pacc_cpachecker/DyResults/Summary/s3_srvr.blast.02_false-unreach-call.i.cil.c.csv,4.0,4.0,4.0,4.0,4.0,4.0,4.0,4.0,4.0,4.0,4.0,4.0,5.0,9.0,9.0,9.0,5.0,9.0,9.0,9.0,5.0,9.0,9.0,9.0,7.0,7.0,7.0,7.0,8.0,13.0,13.0,13.0
git/pacc_cpachecker/DyResults/Summary/s3_srvr.blast.12_false-unreach-call.i.cil.c.csv,6.0,6.0,6.0,6.0,6.0,6.0,6.0,6.0,6.0,6.0,6.0,6.0,7.0,13.0,13.0,13.0,7.0,13.0,13.0,13.0,7.0,13.0,13.0,13.0,16.0,16.0,16.0,16.0,15.0,26.0,26.0,26.0
git/pacc_cpachecker/DyResults/Summary/s3_srvr.blast.03_false-unreach-call.i.cil.c.csv,4.0,4.0,4.0,4.0,4.0,4.0,4.0,4.0,4.0,4.0,4.0,4.0,5.0,9.0,9.0,9.0,5.0,9.0,9.0,9.0,5.0,9.0,9.0,9.0,7.0,7.0,7.0,7.0,8.0,13.0,13.0,13.0
git/pacc_cpachecker/DyResults/Summary/s3_srvr.blast.01_true-unreach-call.i.cil.c.csv,24.0,24.0,24.0,24.0,20.0,20.0,20.0,20.0,21.0,21.0,21.0,21.0,23.0,45.0,45.0,45.0,20.0,39.0,39.0,39.0,21.0,41.0,41.0,41.0,79.0,79.0,79.0,79.0,145.0,183.0,183.0,183.0
git/pacc_cpachecker/DyResults/Summary/floppy_true-unreach-call.i.cil.c.csv,490.8,299.4,294.0,292.2,144.0,142.0,142.0,142.0,150.0,144.0,144.0,142.0,4061.7,3510.0,6352.6,8998.0,1399.8,1088.2,1177.0,1014.6,1636.8,1158.6,1205.8,1032.6,1653.0,677.0,1244.0,1265.0,41907.0,50117.9,54635.0,35915.0
git/pacc_cpachecker/DyResults/Summary/s3_srvr.blast.06_true-unreach-call.i.cil.c.csv,23.0,23.0,23.0,23.0,25.0,25.0,25.0,25.0,22.0,22.0,22.0,22.0,27.0,53.0,53.0,53.0,17.0,33.0,33.0,33.0,18.0,35.0,35.0,35.0,112.0,112.0,112.0,112.0,91.0,142.0,142.0,142.0
git/pacc_cpachecker/DyResults/Summary/s3_clnt.blast.03_false-unreach-call.i.cil.c.csv,6.0,6.0,6.0,6.0,6.0,6.0,6.0,6.0,6.0,6.0,6.0,6.0,7.0,12.0,12.0,12.0,7.0,12.0,12.0,12.0,7.0,12.0,12.0,12.0,14.0,14.0,14.0,14.0,16.0,26.0,26.0,26.0
git/pacc_cpachecker/DyResults/Summary/s3_srvr.blast.11_true-unreach-call.i.cil.c.csv,19.0,19.0,19.0,19.0,18.0,18.0,18.0,18.0,17.0,17.0,17.0,17.0,17.0,33.0,33.0,33.0,17.0,33.0,33.0,33.0,17.0,33.0,33.0,33.0,69.0,69.0,69.0,69.0,147.0,185.0,185.0,185.0
git/pacc_cpachecker/DyResults/Summary/s3_srvr.blast.14_false-unreach-call.i.cil.c.csv,6.0,6.0,6.0,6.0,6.0,6.0,6.0,6.0,6.0,6.0,6.0,6.0,7.0,13.0,13.0,13.0,7.0,13.0,13.0,13.0,7.0,13.0,13.0,13.0,16.0,16.0,16.0,16.0,20.0,35.0,35.0,35.0
git/pacc_cpachecker/DyResults/Summary/parport_true-unreach-call.i.cil.c.csv,133.0,9.0,9.0,9.0,133.0,9.0,9.0,9.0,133.0,9.0,9.0,9.0,526315.0,676.0,156.0,244.0,1400.2,542.0,156.0,244.0,3088.6,542.0,156.0,244.0,133.0,9.0,9.0,9.0,3979.0,12897.0,786.0,269.0
git/pacc_cpachecker/DyResults/Summary/s3_srvr.blast.11_false-unreach-call.i.cil.c.csv,5.0,5.0,5.0,5.0,5.0,5.0,5.0,5.0,5.0,5.0,5.0,5.0,6.0,11.0,11.0,11.0,6.0,11.0,11.0,11.0,6.0,11.0,11.0,11.0,12.0,12.0,12.0,12.0,12.0,20.0,20.0,20.0
git/pacc_cpachecker/DyResults/Summary/s3_srvr.blast.13_true-unreach-call.i.cil.c.csv,14.0,14.0,14.0,14.0,18.0,18.0,18.0,18.0,15.5,15.9,15.6,15.4,19.0,37.0,37.0,37.0,17.4,34.4,33.6,33.3,18.0,35.0,35.0,35.0,37.0,37.0,37.0,37.0,124.0,143.0,143.0,143.0
git/pacc_cpachecker/DyResults/Summary/s3_clnt.blast.04_true-unreach-call.i.cil.c.csv,16.0,16.0,16.0,16.0,16.0,16.0,16.0,16.0,16.0,16.0,16.0,16.0,46.0,50.0,50.0,50.0,32.0,32.0,32.0,32.0,32.0,32.0,32.0,32.0,53.0,53.0,53.0,53.0,55.0,74.0,74.0,74.0
git/pacc_cpachecker/DyResults/Summary/floppy2_true-unreach-call.i.cil.c.csv,661.0,417.0,423.0,420.0,59.0,164.0,165.0,165.0,59.0,166.0,167.0,165.0,76853.0,124664.0,53646.0,140227.0,2447.0,5053.0,1876.0,2434.0,3453.0,5428.0,3206.0,3183.0,1665.0,717.0,161.0,134.0,85417.0,57945.0,119467.0,161390.0
git/pacc_cpachecker/DyResults/Summary/s3_srvr.blast.09_false-unreach-call.i.cil.c.csv,6.0,6.0,6.0,6.0,6.0,6.0,6.0,6.0,6.0,6.0,6.0,6.0,7.0,13.0,13.0,13.0,7.0,13.0,13.0,13.0,7.0,13.0,13.0,13.0,17.0,17.0,17.0,17.0,19.0,33.0,33.0,33.0
git/pacc_cpachecker/DyResults/Summary/s3_srvr.blast.12_true-unreach-call.i.cil.c.csv,19.0,19.0,19.0,19.0,19.0,19.0,19.0,19.0,20.0,20.0,20.0,20.0,19.0,37.0,37.0,37.0,19.0,37.0,37.0,37.0,20.0,39.0,39.0,39.0,91.0,91.0,91.0,91.0,66.0,96.0,96.0,96.0
git/pacc_cpachecker/DyResults/Summary/s3_srvr.blast.06_false-unreach-call.i.cil.c.csv,6.0,6.0,6.0,6.0,6.0,6.0,6.0,6.0,6.0,6.0,6.0,6.0,7.0,13.0,13.0,13.0,7.0,13.0,13.0,13.0,7.0,13.0,13.0,13.0,16.0,16.0,16.0,16.0,20.0,35.0,35.0,35.0
git/pacc_cpachecker/DyResults/Summary/s3_clnt.blast.01_false-unreach-call.i.cil.c.csv,7.0,7.0,7.0,7.0,7.0,7.0,7.0,7.0,7.0,7.0,7.0,7.0,8.0,14.0,14.0,14.0,8.0,14.0,14.0,14.0,8.0,14.0,14.0,14.0,24.0,24.0,24.0,24.0,27.0,45.0,45.0,45.0
git/pacc_cpachecker/DyResults/Summary/s3_srvr.blast.10_true-unreach-call.i.cil.c.csv,21.0,21.0,21.0,21.0,14.0,14.0,14.0,14.0,20.0,20.0,20.0,20.0,20.0,39.0,39.0,39.0,18.0,35.0,35.0,35.0,18.0,35.0,35.0,35.0,32.0,32.0,32.0,32.0,46.0,65.0,65.0,65.0
git/pacc_cpachecker/DyResults/Summary/s3_srvr.blast.14_true-unreach-call.i.cil.c.csv,22.0,22.0,22.0,22.0,20.0,20.0,20.0,20.0,21.0,21.0,21.0,21.0,21.0,41.0,41.0,41.0,22.0,43.0,43.0,43.0,16.0,31.0,31.0,31.0,105.0,105.0,105.0,105.0,86.0,129.0,129.0,129.0
git/pacc_cpachecker/DyResults/Summary/s3_srvr.blast.15_false-unreach-call.i.cil.c.csv,10.0,10.0,10.0,10.0,10.0,10.0,10.0,10.0,10.0,10.0,10.0,10.0,11.0,21.0,21.0,21.0,11.0,21.0,21.0,21.0,11.0,21.0,21.0,21.0,22.0,22.0,22.0,22.0,39.0,71.0,71.0,71.0
git/pacc_cpachecker/DyResults/Summary/s3_clnt.blast.01_true-unreach-call.i.cil.c.csv,17.0,17.0,17.0,17.0,15.0,15.0,15.0,15.0,16.0,16.0,16.0,16.0,31.0,36.0,36.0,36.0,32.0,32.0,32.0,32.0,32.0,32.0,32.0,32.0,53.0,53.0,53.0,53.0,72.0,102.0,102.0,102.0
git/pacc_cpachecker/DyResults/Summary/diskperf_false-unreach-call.i.cil.c.csv,3.0,1.0,1.0,1.0,2.0,1.0,1.0,1.0,2.0,1.0,1.0,1.0,5521.0,131.0,136.0,8422.0,1168.0,123.0,130.0,1416.0,1204.0,123.0,130.0,1770.0,4.0,1.0,1.0,1.0,14832.0,1185.0,2781.0,16845.0
git/pacc_cpachecker/DyResults/Summary/s3_clnt.blast.03_true-unreach-call.i.cil.c.csv,19.0,19.0,19.0,19.0,16.0,16.0,16.0,16.0,16.0,16.0,16.0,16.0,25.0,48.0,48.0,48.0,32.0,32.0,32.0,32.0,32.0,32.0,32.0,32.0,41.0,41.0,41.0,41.0,69.0,96.0,96.0,96.0
