Filename,Dy-CSRPO-ABEl.csv-TfFC,Dy-ABlkDFSCSRPO-ABEl.csv-TfFC,Dy-ABlkBFSCSRPO-ABEl.csv-TfFC,Dy-ABlkCSRPO-ABEl.csv-TfFC,Dy-CSRPO-ABEl-FC.csv-TfFC,Dy-ABlkDFSCSRPO-ABEl-FC.csv-TfFC,Dy-ABlkBFSCSRPO-ABEl-FC.csv-TfFC,Dy-ABlkCSRPO-ABEl-FC.csv-TfFC,Dy-CSRPO-ABEl-FCm.csv-TfFC,Dy-ABlkDFSCSRPO-ABEl-FCm.csv-TfFC,Dy-ABlkBFSCSRPO-ABEl-FCm.csv-TfFC,Dy-ABlkCSRPO-ABEl-FCm.csv-TfFC,Dy-CSRPO-lf.csv-TfFC,Dy-ABlkDFSCSRPO-lf.csv-TfFC,Dy-ABlkBFSCSRPO-lf.csv-TfFC,Dy-ABlkCSRPO-lf.csv-TfFC,Dy-CSRPO-lf-FC.csv-TfFC,Dy-ABlkDFSCSRPO-lf-FC.csv-TfFC,Dy-ABlkBFSCSRPO-lf-FC.csv-TfFC,Dy-ABlkCSRPO-lf-FC.csv-TfFC,Dy-CSRPO-lf-FCm.csv-TfFC,Dy-ABlkDFSCSRPO-lf-FCm.csv-TfFC,Dy-ABlkBFSCSRPO-lf-FCm.csv-TfFC,Dy-ABlkCSRPO-lf-FCm.csv-TfFC,Dy-CSRPO-PredAbs-ABEl.csv-TfFC,Dy-ABlkDFSCSRPO-PredAbs-ABEl.csv-TfFC,Dy-ABlkBFSCSRPO-PredAbs-ABEl.csv-TfFC,Dy-ABlkCSRPO-PredAbs-ABEl.csv-TfFC,Dy-CSRPO-PredAbs-ABElf.csv-TfFC,Dy-ABlkDFSCSRPO-PredAbs-ABElf.csv-TfFC,Dy-ABlkBFSCSRPO-PredAbs-ABElf.csv-TfFC,Dy-ABlkCSRPO-PredAbs-ABElf.csv-TfFC
git/pacc_cpachecker/DyResults/Summary/s3_srvr.blast.07_true-unreach-call.i.cil.c.csv,nan,nan,nan,nan,498.5623,498.7582,497.9779,499.128666667,229.8538,229.7747,233.9901,225.1442,nan,nan,nan,nan,456.9755,455.9384,455.811333333,456.8418,268.4435,268.743555556,270.2805,270.089777778,nan,nan,nan,nan,nan,nan,nan,nan
git/pacc_cpachecker/DyResults/Summary/floppy_true-unreach-call.i.cil.c.csv,nan,nan,nan,nan,5.6277,4.1511,4.1261,3.5357,5.3462,3.6912,3.8311,3.5178,nan,nan,nan,nan,30.7868,12.5285,6.9478,6.377,33.5273,14.6549,5.7376,6.5962,nan,nan,nan,nan,nan,nan,nan,nan
git/pacc_cpachecker/DyResults/Summary/s3_clnt.blast.03_false-unreach-call.i.cil.c.csv,nan,nan,nan,nan,1.9832,2.0417,1.9909,2.0097,1.9793,2.0039,1.9702,1.9817,nan,nan,nan,nan,1.7979,1.8744,1.8048,1.8708,1.7732,1.8092,1.7815,1.7963,nan,nan,nan,nan,nan,nan,nan,nan
git/pacc_cpachecker/DyResults/Summary/s3_clnt.blast.04_true-unreach-call.i.cil.c.csv,nan,nan,nan,nan,71.541,71.4643,71.2318,71.0375,343.6049,327.1469,338.636,342.6918,nan,nan,nan,nan,81.4886,81.9327,82.1012,82.5149,79.9385,79.7169,79.6751,80.4413,nan,nan,nan,nan,nan,nan,nan,nan
git/pacc_cpachecker/DyResults/Summary/s3_srvr.blast.13_false-unreach-call.i.cil.c.csv,nan,nan,nan,nan,2.9026,2.8845,2.8919,2.8914,2.8931,2.8734,2.8723,2.8791,nan,nan,nan,nan,2.7065,2.7226,2.7028,2.692,2.6808,2.6727,2.6867,2.7365,nan,nan,nan,nan,nan,nan,nan,nan
git/pacc_cpachecker/DyResults/Summary/s3_srvr.blast.15_false-unreach-call.i.cil.c.csv,nan,nan,nan,nan,21.6382,21.2977,21.1314,21.0366,20.9669,21.0013,20.3858,20.5746,nan,nan,nan,nan,22.5494,22.9626,23.003,23.0186,21.0624,21.5678,21.2075,21.3705,nan,nan,nan,nan,nan,nan,nan,nan
git/pacc_cpachecker/DyResults/Summary/diskperf_false-unreach-call.i.cil.c.csv,nan,nan,nan,nan,0.0182,0.0115,0.0088,0.0104,0.0152,0.0089,0.0081,0.0086,nan,nan,nan,nan,4.2216,0.0794,0.031,3.2616,4.2656,0.0757,0.0348,3.8421,nan,nan,nan,nan,nan,nan,nan,nan
git/pacc_cpachecker/DyResults/Summary/s3_srvr.blast.06_false-unreach-call.i.cil.c.csv,nan,nan,nan,nan,4.3302,4.2466,4.3284,4.2896,4.3016,4.2528,4.1751,4.2431,nan,nan,nan,nan,3.8773,3.726,3.7366,3.7998,3.7258,3.6928,3.784,3.7279,nan,nan,nan,nan,nan,nan,nan,nan
git/pacc_cpachecker/DyResults/Summary/s3_clnt.blast.01_false-unreach-call.i.cil.c.csv,nan,nan,nan,nan,3.2649,3.2696,3.1375,3.1968,3.3147,3.3034,3.2871,3.3085,nan,nan,nan,nan,3.1144,3.0709,3.032,3.0433,3.1168,3.1779,3.2326,3.1996,nan,nan,nan,nan,nan,nan,nan,nan
git/pacc_cpachecker/DyResults/Summary/s3_srvr.blast.08_false-unreach-call.i.cil.c.csv,nan,nan,nan,nan,23.401,22.6047,22.186,22.2171,21.389,21.3692,21.4138,21.4307,nan,nan,nan,nan,27.798,27.5237,27.4222,27.7258,25.1689,25.1722,25.2953,24.9083,nan,nan,nan,nan,nan,nan,nan,nan
git/pacc_cpachecker/DyResults/Summary/s3_clnt.blast.04_false-unreach-call.i.cil.c.csv,nan,nan,nan,nan,2.055,2.1317,2.1679,2.1127,2.1425,2.0351,2.082,2.0368,nan,nan,nan,nan,1.9558,2.0417,2.0762,2.0981,2.0347,2.0206,2.0395,2.0564,nan,nan,nan,nan,nan,nan,nan,nan
git/pacc_cpachecker/DyResults/Summary/s3_srvr.blast.10_false-unreach-call.i.cil.c.csv,nan,nan,nan,nan,23.2389,23.4146,23.7364,23.3101,20.9767,20.9229,20.964,20.5493,nan,nan,nan,nan,27.9767,28.1719,28.4136,28.1201,18.2845,18.4153,17.9728,18.448,nan,nan,nan,nan,nan,nan,nan,nan
git/pacc_cpachecker/DyResults/Summary/s3_srvr.blast.01_true-unreach-call.i.cil.c.csv,nan,nan,nan,nan,646.6867,648.4257,648.9567,648.9917,478.2932,479.5425,478.8852,480.7701,nan,nan,nan,nan,567.9772,565.5275,566.7919,565.7657,430.7374,430.2085,429.473777778,429.8999,nan,nan,nan,nan,nan,nan,nan,nan
git/pacc_cpachecker/DyResults/Summary/cdaudio_false-unreach-call.i.cil.c.csv,nan,nan,nan,nan,23.9069,23.2558,48.2131111111,48.6228888889,7.1698,6.743,15.8087,849.572,nan,nan,nan,nan,740.1373,768.4863,759.635222222,719.92,533.0102,573.0556,561.3006,510.823666667,nan,nan,nan,nan,nan,nan,nan,nan
git/pacc_cpachecker/DyResults/Summary/s3_clnt.blast.02_true-unreach-call.i.cil.c.csv,nan,nan,nan,nan,33.6616,34.335,34.3194,34.0047,43.4783,43.564,43.9864,43.961,nan,nan,nan,nan,74.787,73.8197,74.1407,74.1597,64.5461,65.1765,64.9117,65.1494,nan,nan,nan,nan,nan,nan,nan,nan
git/pacc_cpachecker/DyResults/Summary/s3_clnt.blast.02_false-unreach-call.i.cil.c.csv,nan,nan,nan,nan,1.9401,1.9507,1.9802,1.984,1.9763,1.8981,1.9384,1.907,nan,nan,nan,nan,1.8952,1.97,2.0185,1.9789,1.9459,1.983,1.9235,1.9598,nan,nan,nan,nan,nan,nan,nan,nan
git/pacc_cpachecker/DyResults/Summary/s3_srvr.blast.04_false-unreach-call.i.cil.c.csv,nan,nan,nan,nan,1.032,0.9508,0.9697,0.9593,1.0213,0.9585,0.9638,0.9638,nan,nan,nan,nan,1.0048,0.9418,0.9387,0.9493,1.0147,0.9573,0.9538,0.9606,nan,nan,nan,nan,nan,nan,nan,nan
git/pacc_cpachecker/DyResults/Summary/diskperf_true-unreach-call.i.cil.c.csv,nan,nan,nan,nan,0.0219,0.0238,0.0315,0.0169,0.0242,0.0222,0.0233,0.0258,nan,nan,nan,nan,7.4598,5.0935,2.999,5.4264,6.9403,4.8215,3.0388,6.6996,nan,nan,nan,nan,nan,nan,nan,nan
git/pacc_cpachecker/DyResults/Summary/parport_true-unreach-call.i.cil.c.csv,nan,nan,nan,nan,0.0182,0.0035,0.0021,0.0082,0.0189,0.002,0.0077,0.0083,nan,nan,nan,nan,892.122555556,0.3215,0.004,0.0194,890.685,0.2958,0.0044,0.0237,nan,nan,nan,nan,nan,nan,nan,nan
git/pacc_cpachecker/DyResults/Summary/s3_srvr.blast.11_true-unreach-call.i.cil.c.csv,nan,nan,nan,nan,371.4353,375.0919,377.8872,377.933,271.4576,272.1714,272.9583,273.1637,nan,nan,nan,nan,421.6766,422.0291,422.7805,421.369333333,211.599888889,211.8276,213.8228,211.963,nan,nan,nan,nan,nan,nan,nan,nan
git/pacc_cpachecker/DyResults/Summary/floppy_false-unreach-call.i.cil.c.csv,nan,nan,nan,nan,7.4211,0.0078,0.0098,0.0101,6.8839,0.0086,0.0101,0.0076,nan,nan,nan,nan,8.5149,0.021,0.4686,0.6522,7.4953,0.0177,0.4424,0.7051,nan,nan,nan,nan,nan,nan,nan,nan
git/pacc_cpachecker/DyResults/Summary/s3_srvr.blast.16_false-unreach-call.i.cil.c.csv,nan,nan,nan,nan,4.6639,4.6134,4.5753,4.58,4.6388,4.5584,4.5942,4.6211,nan,nan,nan,nan,4.3463,4.3333,4.3427,4.3289,4.3407,4.2557,4.2624,4.2318,nan,nan,nan,nan,nan,nan,nan,nan
git/pacc_cpachecker/DyResults/Summary/s3_srvr.blast.07_false-unreach-call.i.cil.c.csv,nan,nan,nan,nan,2.61,2.5489,2.5553,2.5835,2.522,2.5287,2.6059,2.5407,nan,nan,nan,nan,2.7765,2.7541,2.7515,2.8559,2.7289,2.7517,2.7306,2.7208,nan,nan,nan,nan,nan,nan,nan,nan
git/pacc_cpachecker/DyResults/Summary/kbfiltr_false-unreach-call.i.cil.c.csv,nan,nan,nan,nan,0.0062,0.0083,0.0052,0.0085,0.0047,0.0054,0.0054,0.0064,nan,nan,nan,nan,0.2029,0.285,0.2413,0.1675,0.1881,0.277,0.2306,0.1858,nan,nan,nan,nan,nan,nan,nan,nan
git/pacc_cpachecker/DyResults/Summary/s3_srvr.blast.02_false-unreach-call.i.cil.c.csv,nan,nan,nan,nan,1.079,0.9768,0.9963,0.9834,1.0259,0.9835,0.9795,0.9783,nan,nan,nan,nan,1.0372,0.9676,0.9776,0.9934,1.0944,0.9637,0.9621,0.9652,nan,nan,nan,nan,nan,nan,nan,nan
git/pacc_cpachecker/DyResults/Summary/s3_clnt.blast.03_true-unreach-call.i.cil.c.csv,nan,nan,nan,nan,111.4488,110.8644,110.3514,111.2671,114.2802,114.2161,114.515,114.0249,nan,nan,nan,nan,76.8322,77.9969,78.2486,78.7017,66.6475,67.021,67.4931,66.9215,nan,nan,nan,nan,nan,nan,nan,nan
git/pacc_cpachecker/DyResults/Summary/cdaudio_true-unreach-call.i.cil.c.csv,nan,nan,nan,nan,0.3159,0.1367,0.1539,0.1391,0.3224,0.1328,0.1453,0.1448,nan,nan,nan,nan,6.9446,6.3229,5.536,4.7636,6.0337,6.5762,5.3695,5.2666,nan,nan,nan,nan,nan,nan,nan,nan
git/pacc_cpachecker/DyResults/Summary/s3_srvr.blast.12_false-unreach-call.i.cil.c.csv,nan,nan,nan,nan,4.2034,4.1606,4.0595,4.1202,4.2343,4.0831,4.1008,4.0575,nan,nan,nan,nan,4.0385,3.9458,3.958,3.9434,3.9361,3.9078,3.9088,3.8573,nan,nan,nan,nan,nan,nan,nan,nan
git/pacc_cpachecker/DyResults/Summary/s3_srvr.blast.15_true-unreach-call.i.cil.c.csv,nan,nan,nan,nan,558.2599,558.246,558.567,557.636,394.8184,397.1486,394.293444444,396.0256,nan,nan,nan,nan,454.0651,453.2903,451.7103,453.7663,366.004,365.3922,365.7766,366.7933,nan,nan,nan,nan,nan,nan,nan,nan
git/pacc_cpachecker/DyResults/Summary/s3_srvr.blast.10_true-unreach-call.i.cil.c.csv,nan,nan,nan,nan,319.507,319.7117,321.2748,322.2,439.0365,439.9342,440.785444444,441.1738,nan,nan,nan,nan,425.2025,424.959222222,424.7987,424.95925,187.9987,188.759222222,188.8176,189.234444444,nan,nan,nan,nan,nan,nan,nan,nan
git/pacc_cpachecker/DyResults/Summary/s3_srvr.blast.13_true-unreach-call.i.cil.c.csv,nan,nan,nan,nan,474.1368,472.5286,472.8151,475.7163,108.2482,115.5075,111.3377,107.7429,nan,nan,nan,nan,404.2504,406.0447,404.8707,405.3418,248.8334,248.0888,249.1024,248.4927,nan,nan,nan,nan,nan,nan,nan,nan
git/pacc_cpachecker/DyResults/Summary/s3_srvr.blast.09_false-unreach-call.i.cil.c.csv,nan,nan,nan,nan,2.9789,2.9369,2.9128,2.9234,2.9201,2.9003,2.9165,2.9059,nan,nan,nan,nan,3.1797,3.1272,3.1673,3.118,3.1174,3.1203,3.1559,3.0926,nan,nan,nan,nan,nan,nan,nan,nan
git/pacc_cpachecker/DyResults/Summary/s3_srvr.blast.11_false-unreach-call.i.cil.c.csv,nan,nan,nan,nan,1.5955,1.5774,1.5864,1.5758,1.5744,1.5837,1.5533,1.5674,nan,nan,nan,nan,1.4026,1.4424,1.4467,1.4225,1.4153,1.4259,1.4555,1.4366,nan,nan,nan,nan,nan,nan,nan,nan
git/pacc_cpachecker/DyResults/Summary/s3_srvr.blast.14_true-unreach-call.i.cil.c.csv,nan,nan,nan,nan,507.8538,507.9845,511.4552,508.9946,324.5528,326.7269,327.789,322.3729,nan,nan,nan,nan,463.7554,464.5556,468.7421,466.0507,14.7297,14.3679,14.477,14.722,nan,nan,nan,nan,nan,nan,nan,nan
git/pacc_cpachecker/DyResults/Summary/s3_srvr.blast.08_true-unreach-call.i.cil.c.csv,nan,nan,nan,nan,559.7817,558.000222222,558.8478,559.1246,349.254222222,349.6707,351.21,350.547111111,nan,nan,nan,nan,610.1006,609.0677,608.9497,609.4552,251.9738,251.5235,252.1925,251.945,nan,nan,nan,nan,nan,nan,nan,nan
git/pacc_cpachecker/DyResults/Summary/s3_clnt.blast.01_true-unreach-call.i.cil.c.csv,nan,nan,nan,nan,60.298,59.8454,61.0624,60.4739,102.6126,102.3386,103.018,102.9919,nan,nan,nan,nan,119.6011,119.9995,121.1984,120.4484,111.1979,110.8953,110.6532,110.5599,nan,nan,nan,nan,nan,nan,nan,nan
git/pacc_cpachecker/DyResults/Summary/s3_srvr.blast.09_true-unreach-call.i.cil.c.csv,nan,nan,nan,nan,21.7803,21.4074,21.3245,21.2734,264.8281,265.4929,266.061555556,265.5006,nan,nan,nan,nan,396.4282,396.5635,394.2862,395.1984,219.885222222,219.7056,218.646777778,219.9315,nan,nan,nan,nan,nan,nan,nan,nan
git/pacc_cpachecker/DyResults/Summary/parport_false-unreach-call.i.cil.c.csv,nan,nan,nan,nan,0.0151,0.0085,0.0082,0.0026,0.0171,0.003,0.0092,0.0033,nan,nan,nan,nan,892.0366,0.0109,0.0064,0.0293,890.788166667,0.0113,0.0029,0.0278,nan,nan,nan,nan,nan,nan,nan,nan
git/pacc_cpachecker/DyResults/Summary/s3_srvr.blast.06_true-unreach-call.i.cil.c.csv,nan,nan,nan,nan,371.3909,368.489,370.1218,370.5698,38.4532,40.8807,38.1612,38.0835,nan,nan,nan,nan,40.0521,40.4122,39.675,40.0662,28.0726,28.5832,28.1708,27.9201,nan,nan,nan,nan,nan,nan,nan,nan
git/pacc_cpachecker/DyResults/Summary/s3_srvr.blast.14_false-unreach-call.i.cil.c.csv,nan,nan,nan,nan,4.0028,3.9563,3.9843,3.973,3.9491,3.8558,3.901,3.8954,nan,nan,nan,nan,4.6999,4.6944,4.6818,4.7271,4.6172,4.6435,4.6121,4.671,nan,nan,nan,nan,nan,nan,nan,nan
git/pacc_cpachecker/DyResults/Summary/s3_srvr.blast.01_false-unreach-call.i.cil.c.csv,nan,nan,nan,nan,1.1153,1.0448,1.0412,1.0402,1.0548,1.036,1.0372,1.0231,nan,nan,nan,nan,1.0368,1.0507,1.0265,1.0429,1.0811,1.0347,0.9969,1.0189,nan,nan,nan,nan,nan,nan,nan,nan
git/pacc_cpachecker/DyResults/Summary/s3_srvr.blast.16_true-unreach-call.i.cil.c.csv,nan,nan,nan,nan,427.520666667,427.3435,429.079777778,428.4966,21.0823,21.7206,21.6187,20.9461,nan,nan,nan,nan,112.2825,113.0744,113.0471,112.2669,13.5457,13.7364,13.4198,13.1001,nan,nan,nan,nan,nan,nan,nan,nan
git/pacc_cpachecker/DyResults/Summary/s3_srvr.blast.02_true-unreach-call.i.cil.c.csv,nan,nan,nan,nan,476.0592,474.9892,474.7527,475.106555556,311.306888889,310.773,311.862333333,310.3932,nan,nan,nan,nan,572.11175,572.5448,572.0558,569.4553,359.058,361.4366,359.577,358.5906,nan,nan,nan,nan,nan,nan,nan,nan
git/pacc_cpachecker/DyResults/Summary/floppy2_true-unreach-call.i.cil.c.csv,nan,nan,nan,nan,11.0991,14.8446,12.9846,13.2272,11.0125,14.0967,12.174,12.871,nan,nan,nan,nan,13.8301,18.6833,12.1154,11.202,16.7039,16.5023,16.1965,10.9402,nan,nan,nan,nan,nan,nan,nan,nan
git/pacc_cpachecker/DyResults/Summary/s3_srvr.blast.12_true-unreach-call.i.cil.c.csv,nan,nan,nan,nan,310.690125,312.0035,310.177444444,311.5162,397.2857,397.5596,397.0137,398.9033,nan,nan,nan,nan,419.8952,420.3008,420.1328,420.8808,338.2995,339.6523,339.3167,338.4258,nan,nan,nan,nan,nan,nan,nan,nan
git/pacc_cpachecker/DyResults/Summary/s3_srvr.blast.03_false-unreach-call.i.cil.c.csv,nan,nan,nan,nan,1.0331,0.952,0.9622,0.9353,1.0226,0.9502,0.9762,0.9688,nan,nan,nan,nan,1.0593,0.9839,0.9981,0.9815,1.0817,0.9886,0.983,0.9828,nan,nan,nan,nan,nan,nan,nan,nan
