Filename,Dy-CSRPO-ABEl.csv-RLeninBlkAvg,Dy-ABlkDFSCSRPO-ABEl.csv-RLeninBlkAvg,Dy-ABlkBFSCSRPO-ABEl.csv-RLeninBlkAvg,Dy-ABlkCSRPO-ABEl.csv-RLeninBlkAvg,Dy-CSRPO-ABEl-FC.csv-RLeninBlkAvg,Dy-ABlkDFSCSRPO-ABEl-FC.csv-RLeninBlkAvg,Dy-ABlkBFSCSRPO-ABEl-FC.csv-RLeninBlkAvg,Dy-ABlkCSRPO-ABEl-FC.csv-RLeninBlkAvg,Dy-CSRPO-ABEl-FCm.csv-RLeninBlkAvg,Dy-ABlkDFSCSRPO-ABEl-FCm.csv-RLeninBlkAvg,Dy-ABlkBFSCSRPO-ABEl-FCm.csv-RLeninBlkAvg,Dy-ABlkCSRPO-ABEl-FCm.csv-RLeninBlkAvg,Dy-CSRPO-lf.csv-RLeninBlkAvg,Dy-ABlkDFSCSRPO-lf.csv-RLeninBlkAvg,Dy-ABlkBFSCSRPO-lf.csv-RLeninBlkAvg,Dy-ABlkCSRPO-lf.csv-RLeninBlkAvg,Dy-CSRPO-lf-FC.csv-RLeninBlkAvg,Dy-ABlkDFSCSRPO-lf-FC.csv-RLeninBlkAvg,Dy-ABlkBFSCSRPO-lf-FC.csv-RLeninBlkAvg,Dy-ABlkCSRPO-lf-FC.csv-RLeninBlkAvg,Dy-CSRPO-lf-FCm.csv-RLeninBlkAvg,Dy-ABlkDFSCSRPO-lf-FCm.csv-RLeninBlkAvg,Dy-ABlkBFSCSRPO-lf-FCm.csv-RLeninBlkAvg,Dy-ABlkCSRPO-lf-FCm.csv-RLeninBlkAvg,Dy-CSRPO-PredAbs-ABEl.csv-RLeninBlkAvg,Dy-ABlkDFSCSRPO-PredAbs-ABEl.csv-RLeninBlkAvg,Dy-ABlkBFSCSRPO-PredAbs-ABEl.csv-RLeninBlkAvg,Dy-ABlkCSRPO-PredAbs-ABEl.csv-RLeninBlkAvg,Dy-CSRPO-PredAbs-ABElf.csv-RLeninBlkAvg,Dy-ABlkDFSCSRPO-PredAbs-ABElf.csv-RLeninBlkAvg,Dy-ABlkBFSCSRPO-PredAbs-ABElf.csv-RLeninBlkAvg,Dy-ABlkCSRPO-PredAbs-ABElf.csv-RLeninBlkAvg
git/pacc_cpachecker/DyResults/Summary/s3_srvr.blast.08_false-unreach-call.i.cil.c.csv,6.0,6.0,6.0,6.0,6.0,6.0,6.0,6.0,6.0,6.0,6.0,6.0,7.0,7.0,7.0,7.0,7.0,7.0,7.0,7.0,7.0,7.0,7.0,7.0,4.2,4.2,4.2,4.2,5.83,5.83,5.83,5.83
git/pacc_cpachecker/DyResults/Summary/s3_clnt.blast.02_true-unreach-call.i.cil.c.csv,11.0,11.0,11.0,11.0,8.5,8.5,8.5,8.5,9.0,9.0,9.0,9.0,10.5,10.5,10.5,10.5,10.0,10.0,10.0,10.0,10.0,10.0,10.0,10.0,7.0,7.0,7.0,7.0,9.29,9.29,9.29,9.29
git/pacc_cpachecker/DyResults/Summary/s3_srvr.blast.10_true-unreach-call.i.cil.c.csv,11.5,11.5,11.5,11.5,8.0,8.0,8.0,8.0,11.0,11.0,11.0,11.0,11.5,11.5,11.5,11.5,10.5,10.5,10.5,10.5,10.5,10.5,10.5,10.5,6.25,6.25,6.25,6.25,7.25,7.25,7.25,7.25
git/pacc_cpachecker/DyResults/Summary/s3_srvr.blast.16_false-unreach-call.i.cil.c.csv,4.0,4.0,4.0,4.0,4.0,4.0,4.0,4.0,4.0,4.0,4.0,4.0,5.0,5.0,5.0,5.0,5.0,5.0,5.0,5.0,5.0,5.0,5.0,5.0,3.5,3.5,3.5,3.5,4.5,4.5,4.5,4.5
git/pacc_cpachecker/DyResults/Summary/s3_srvr.blast.07_false-unreach-call.i.cil.c.csv,4.0,4.0,4.0,4.0,4.0,4.0,4.0,4.0,4.0,4.0,4.0,4.0,5.0,5.0,5.0,5.0,5.0,5.0,5.0,5.0,5.0,5.0,5.0,5.0,3.75,3.75,3.75,3.75,5.0,5.0,5.0,5.0
git/pacc_cpachecker/DyResults/Summary/s3_srvr.blast.06_true-unreach-call.i.cil.c.csv,12.5,12.5,12.5,12.5,13.5,13.5,13.5,13.5,12.0,12.0,12.0,12.0,15.0,15.0,15.0,15.0,10.0,10.0,10.0,10.0,10.5,10.5,10.5,10.5,11.8,11.8,11.8,11.8,12.8,12.8,12.8,12.8
git/pacc_cpachecker/DyResults/Summary/s3_srvr.blast.03_false-unreach-call.i.cil.c.csv,3.0,3.0,3.0,3.0,3.0,3.0,3.0,3.0,3.0,3.0,3.0,3.0,4.0,4.0,4.0,4.0,4.0,4.0,4.0,4.0,4.0,4.0,4.0,4.0,2.5,2.5,2.5,2.5,3.5,3.5,3.5,3.5
git/pacc_cpachecker/DyResults/Summary/s3_srvr.blast.14_true-unreach-call.i.cil.c.csv,12.0,12.0,12.0,12.0,11.0,11.0,11.0,11.0,11.5,11.5,11.5,11.5,12.0,12.0,12.0,12.0,12.5,12.5,12.5,12.5,9.5,9.5,9.5,9.5,9.0,9.0,9.0,9.0,9.83,9.83,9.83,9.83
git/pacc_cpachecker/DyResults/Summary/diskperf_false-unreach-call.i.cil.c.csv,2.5,0.0,0.0,0.0,2.0,0.0,0.0,0.0,2.0,0.0,0.0,0.0,57.89,10.11,7.53,59.83,39.05,9.86,7.53,40.86,40.27,9.86,7.53,47.16,2.0,0.0,0.0,0.0,24.3,10.62,7.94,33.93
git/pacc_cpachecker/DyResults/Summary/s3_srvr.blast.09_false-unreach-call.i.cil.c.csv,4.0,4.0,4.0,4.0,4.0,4.0,4.0,4.0,4.0,4.0,4.0,4.0,5.0,5.0,5.0,5.0,5.0,5.0,5.0,5.0,5.0,5.0,5.0,5.0,3.75,3.75,3.75,3.75,4.75,4.75,4.75,4.75
git/pacc_cpachecker/DyResults/Summary/s3_clnt.blast.02_false-unreach-call.i.cil.c.csv,4.0,4.0,4.0,4.0,4.0,4.0,4.0,4.0,4.0,4.0,4.0,4.0,5.0,5.0,5.0,5.0,5.0,5.0,5.0,5.0,5.0,5.0,5.0,5.0,3.67,3.67,3.67,3.67,4.67,4.67,4.67,4.67
git/pacc_cpachecker/DyResults/Summary/s3_clnt.blast.04_true-unreach-call.i.cil.c.csv,9.5,9.5,9.5,9.5,9.0,9.0,9.0,9.0,9.0,9.0,9.0,9.0,15.0,15.0,15.0,15.0,10.0,10.0,10.0,10.0,10.0,10.0,10.0,10.0,7.17,7.17,7.17,7.17,6.8,6.8,6.8,6.8
git/pacc_cpachecker/DyResults/Summary/s3_srvr.blast.06_false-unreach-call.i.cil.c.csv,4.0,4.0,4.0,4.0,4.0,4.0,4.0,4.0,4.0,4.0,4.0,4.0,5.0,5.0,5.0,5.0,5.0,5.0,5.0,5.0,5.0,5.0,5.0,5.0,3.5,3.5,3.5,3.5,4.5,4.5,4.5,4.5
git/pacc_cpachecker/DyResults/Summary/floppy_false-unreach-call.i.cil.c.csv,9.82,0.0,0.0,0.0,9.474,0.0,0.0,0.0,9.665,0.0,0.0,0.0,37.54,14.25,10.73,40.424,25.68,14.25,10.73,18.31,25.47,14.25,10.73,18.31,8.39,0.0,0.0,0.0,14.0,14.0,11.38,17.98
git/pacc_cpachecker/DyResults/Summary/parport_false-unreach-call.i.cil.c.csv,0.0,0.0,0.0,0.0,0.0,0.0,0.0,0.0,0.0,0.0,0.0,0.0,21.65,15.8,6.77,5.5,12.2,11.0,6.77,5.5,12.2,11.0,6.77,5.5,0.0,0.0,0.0,0.0,17.11,14.5,8.25,7.5
git/pacc_cpachecker/DyResults/Summary/s3_clnt.blast.03_false-unreach-call.i.cil.c.csv,4.0,4.0,4.0,4.0,4.0,4.0,4.0,4.0,4.0,4.0,4.0,4.0,5.0,5.0,5.0,5.0,5.0,5.0,5.0,5.0,5.0,5.0,5.0,5.0,3.67,3.67,3.67,3.67,4.67,4.67,4.67,4.67
git/pacc_cpachecker/DyResults/Summary/s3_srvr.blast.15_false-unreach-call.i.cil.c.csv,6.0,6.0,6.0,6.0,6.0,6.0,6.0,6.0,6.0,6.0,6.0,6.0,7.0,7.0,7.0,7.0,7.0,7.0,7.0,7.0,7.0,7.0,7.0,7.0,4.0,4.0,4.0,4.0,5.83,5.83,5.83,5.83
git/pacc_cpachecker/DyResults/Summary/s3_srvr.blast.11_false-unreach-call.i.cil.c.csv,3.5,3.5,3.5,3.5,3.5,3.5,3.5,3.5,3.5,3.5,3.5,3.5,4.5,4.5,4.5,4.5,4.5,4.5,4.5,4.5,4.5,4.5,4.5,4.5,3.33,3.33,3.33,3.33,4.0,4.0,4.0,4.0
git/pacc_cpachecker/DyResults/Summary/cdaudio_true-unreach-call.i.cil.c.csv,3.648,3.13,3.13,3.13,3.13,3.13,3.13,3.13,3.13,3.13,3.13,3.13,16.16,16.41,15.81,15.68,12.19,11.49,11.58,11.53,12.49,11.62,11.62,11.55,3.0,3.0,3.0,3.0,15.2,13.86,12.0,12.97
git/pacc_cpachecker/DyResults/Summary/parport_true-unreach-call.i.cil.c.csv,0.0,0.0,0.0,0.0,0.0,0.0,0.0,0.0,0.0,0.0,0.0,0.0,21.65,15.97,7.29,5.5,12.2,13.19,7.29,5.5,12.2,13.19,7.29,5.5,0.0,0.0,0.0,0.0,17.11,17.29,8.5,7.5
git/pacc_cpachecker/DyResults/Summary/s3_clnt.blast.03_true-unreach-call.i.cil.c.csv,11.0,11.0,11.0,11.0,9.0,9.0,9.0,9.0,9.0,9.0,9.0,9.0,14.0,14.0,14.0,14.0,10.0,10.0,10.0,10.0,10.0,10.0,10.0,10.0,6.0,6.0,6.0,6.0,7.5,7.5,7.5,7.5
git/pacc_cpachecker/DyResults/Summary/floppy2_true-unreach-call.i.cil.c.csv,10.65,10.26,10.28,10.19,2.63,9.07,9.08,9.08,2.63,9.13,9.14,9.08,74.25,81.83,57.59,75.22,41.4,45.49,37.09,39.69,45.33,46.68,42.59,40.88,8.63,8.66,2.57,2.42,35.88,43.26,28.35,48.73
git/pacc_cpachecker/DyResults/Summary/s3_srvr.blast.16_true-unreach-call.i.cil.c.csv,12.5,12.5,12.5,12.5,12.1666666667,12.1111111111,12.1666666667,12.0,9.5,9.5,9.5,9.5,10.5,10.5,10.5,10.5,12.0,12.0,12.0,12.0,8.5,8.5,8.5,8.5,10.4,10.4,10.4,10.4,11.4,11.4,11.4,11.4
git/pacc_cpachecker/DyResults/Summary/s3_srvr.blast.08_true-unreach-call.i.cil.c.csv,11.5,11.5,11.5,11.5,11.0,11.0,11.0,11.0,10.5,10.5,10.5,10.5,12.0,12.0,12.0,12.0,11.5,11.5,11.5,11.5,11.5,11.5,11.5,11.5,8.0,8.0,8.0,8.0,13.86,13.86,13.86,13.86
git/pacc_cpachecker/DyResults/Summary/s3_srvr.blast.13_true-unreach-call.i.cil.c.csv,8.0,8.0,8.0,8.0,10.0,10.0,10.0,10.0,8.75,8.95,8.8,8.7,11.0,11.0,11.0,11.0,10.2,10.35,10.15,10.1,10.5,10.5,10.5,10.5,4.8,4.8,4.8,4.8,5.83,5.83,5.83,5.83
git/pacc_cpachecker/DyResults/Summary/s3_srvr.blast.12_true-unreach-call.i.cil.c.csv,10.5,10.5,10.5,10.5,10.5,10.5,10.5,10.5,11.0,11.0,11.0,11.0,11.0,11.0,11.0,11.0,11.0,11.0,11.0,11.0,11.5,11.5,11.5,11.5,7.6,7.6,7.6,7.6,8.6,8.6,8.6,8.6
git/pacc_cpachecker/DyResults/Summary/cdaudio_false-unreach-call.i.cil.c.csv,39.679,37.109,36.6611111111,36.5066666667,39.176,36.596,35.94,36.0022222222,39.344,36.84,36.652,7.32,173.824,173.283,171.232,174.305,109.403,105.671,104.954444444,111.291111111,141.091,137.253,136.346,141.776666667,72.585,56.4885714286,56.444,56.535,118.103333333,109.182,117.003333333,120.31
git/pacc_cpachecker/DyResults/Summary/s3_srvr.blast.14_false-unreach-call.i.cil.c.csv,4.0,4.0,4.0,4.0,4.0,4.0,4.0,4.0,4.0,4.0,4.0,4.0,5.0,5.0,5.0,5.0,5.0,5.0,5.0,5.0,5.0,5.0,5.0,5.0,3.5,3.5,3.5,3.5,4.5,4.5,4.5,4.5
git/pacc_cpachecker/DyResults/Summary/s3_srvr.blast.15_true-unreach-call.i.cil.c.csv,9.5,9.5,9.5,9.5,12.0,12.0,12.0,12.0,11.5,11.5,11.5,11.5,13.5,13.5,13.5,13.5,12.5,12.5,12.5,12.5,12.5,12.5,12.5,12.5,9.75,9.75,9.75,9.75,10.75,10.75,10.75,10.75
git/pacc_cpachecker/DyResults/Summary/s3_srvr.blast.02_true-unreach-call.i.cil.c.csv,11.5,11.5,11.5,11.5,10.5,10.5,10.5,10.5,11.0,11.0,11.0,11.0,12.0,12.0,12.0,12.0,11.5,11.5,11.5,11.5,12.0,12.0,12.0,12.0,5.83,5.83,5.83,5.83,6.4,6.4,6.4,6.4
git/pacc_cpachecker/DyResults/Summary/kbfiltr_false-unreach-call.i.cil.c.csv,0.0,0.0,0.0,0.0,0.0,0.0,0.0,0.0,0.0,0.0,0.0,0.0,17.35,17.23,17.47,17.24,17.43,17.5,17.33,17.06,17.43,17.5,17.33,17.06,0.0,0.0,0.0,0.0,18.28,19.14,17.79,18.8
git/pacc_cpachecker/DyResults/Summary/s3_srvr.blast.12_false-unreach-call.i.cil.c.csv,4.0,4.0,4.0,4.0,4.0,4.0,4.0,4.0,4.0,4.0,4.0,4.0,5.0,5.0,5.0,5.0,5.0,5.0,5.0,5.0,5.0,5.0,5.0,5.0,3.5,3.5,3.5,3.5,4.0,4.0,4.0,4.0
git/pacc_cpachecker/DyResults/Summary/s3_srvr.blast.07_true-unreach-call.i.cil.c.csv,9.5,9.5,9.5,9.5,10.0,10.0,10.0,10.0,9.75,9.75,9.8,9.7,10.5,10.5,10.5,10.5,10.0,10.0,10.0,10.0,10.5,10.5,10.5,10.5,5.63,5.63,5.63,5.63,7.22,7.22,7.22,7.22
git/pacc_cpachecker/DyResults/Summary/s3_srvr.blast.02_false-unreach-call.i.cil.c.csv,3.0,3.0,3.0,3.0,3.0,3.0,3.0,3.0,3.0,3.0,3.0,3.0,4.0,4.0,4.0,4.0,4.0,4.0,4.0,4.0,4.0,4.0,4.0,4.0,2.5,2.5,2.5,2.5,3.5,3.5,3.5,3.5
git/pacc_cpachecker/DyResults/Summary/s3_srvr.blast.09_true-unreach-call.i.cil.c.csv,10.5,10.5,10.5,10.5,6.5,6.5,6.5,6.5,10.0,10.0,10.0,10.0,10.5,10.5,10.5,10.5,10.0,10.0,10.0,10.0,10.5,10.5,10.5,10.5,5.88,5.88,5.88,5.88,6.86,6.86,6.86,6.86
git/pacc_cpachecker/DyResults/Summary/diskperf_true-unreach-call.i.cil.c.csv,2.8,2.5,2.5,2.5,2.0,2.0,2.0,2.0,2.0,2.0,2.0,2.0,61.4,63.55,54.42,60.15,35.64,46.54,28.5,37.94,37.39,46.94,28.5,45.04,2.0,2.0,2.0,2.0,31.78,41.25,29.13,34.63
git/pacc_cpachecker/DyResults/Summary/s3_srvr.blast.04_false-unreach-call.i.cil.c.csv,3.0,3.0,3.0,3.0,3.0,3.0,3.0,3.0,3.0,3.0,3.0,3.0,4.0,4.0,4.0,4.0,4.0,4.0,4.0,4.0,4.0,4.0,4.0,4.0,2.5,2.5,2.5,2.5,3.5,3.5,3.5,3.5
git/pacc_cpachecker/DyResults/Summary/s3_clnt.blast.01_true-unreach-call.i.cil.c.csv,10.0,10.0,10.0,10.0,9.0,9.0,9.0,9.0,9.0,9.0,9.0,9.0,11.5,11.5,11.5,11.5,10.0,10.0,10.0,10.0,10.0,10.0,10.0,10.0,7.17,7.17,7.17,7.17,8.0,8.0,8.0,8.0
git/pacc_cpachecker/DyResults/Summary/s3_srvr.blast.11_true-unreach-call.i.cil.c.csv,10.5,10.5,10.5,10.5,10.0,10.0,10.0,10.0,9.5,9.5,9.5,9.5,10.0,10.0,10.0,10.0,10.0,10.0,10.0,10.0,10.0,10.0,10.0,10.0,5.75,5.75,5.75,5.75,7.25,7.25,7.25,7.25
git/pacc_cpachecker/DyResults/Summary/s3_srvr.blast.10_false-unreach-call.i.cil.c.csv,6.0,6.0,6.0,6.0,6.0,6.0,6.0,6.0,6.0,6.0,6.0,6.0,7.0,7.0,7.0,7.0,7.0,7.0,7.0,7.0,7.0,7.0,7.0,7.0,4.4,4.4,4.4,4.4,5.83,5.83,5.83,5.83
git/pacc_cpachecker/DyResults/Summary/s3_srvr.blast.01_false-unreach-call.i.cil.c.csv,3.0,3.0,3.0,3.0,3.0,3.0,3.0,3.0,3.0,3.0,3.0,3.0,4.0,4.0,4.0,4.0,4.0,4.0,4.0,4.0,4.0,4.0,4.0,4.0,3.0,3.0,3.0,3.0,4.0,4.0,4.0,4.0
git/pacc_cpachecker/DyResults/Summary/s3_clnt.blast.01_false-unreach-call.i.cil.c.csv,4.5,4.5,4.5,4.5,4.5,4.5,4.5,4.5,4.5,4.5,4.5,4.5,5.5,5.5,5.5,5.5,5.5,5.5,5.5,5.5,5.5,5.5,5.5,5.5,4.4,4.4,4.4,4.4,5.4,5.4,5.4,5.4
git/pacc_cpachecker/DyResults/Summary/s3_srvr.blast.13_false-unreach-call.i.cil.c.csv,4.0,4.0,4.0,4.0,4.0,4.0,4.0,4.0,4.0,4.0,4.0,4.0,5.0,5.0,5.0,5.0,5.0,5.0,5.0,5.0,5.0,5.0,5.0,5.0,3.67,3.67,3.67,3.67,4.75,4.75,4.75,4.75
git/pacc_cpachecker/DyResults/Summary/s3_srvr.blast.01_true-unreach-call.i.cil.c.csv,13.0,13.0,13.0,13.0,11.0,11.0,11.0,11.0,11.5,11.5,11.5,11.5,13.0,13.0,13.0,13.0,11.5,11.5,11.5,11.5,12.0,12.0,12.0,12.0,6.8,6.8,6.8,6.8,8.67,8.67,8.67,8.67
git/pacc_cpachecker/DyResults/Summary/s3_clnt.blast.04_false-unreach-call.i.cil.c.csv,4.0,4.0,4.0,4.0,4.0,4.0,4.0,4.0,4.0,4.0,4.0,4.0,5.0,5.0,5.0,5.0,5.0,5.0,5.0,5.0,5.0,5.0,5.0,5.0,3.67,3.67,3.67,3.67,4.67,4.67,4.67,4.67
git/pacc_cpachecker/DyResults/Summary/floppy_true-unreach-call.i.cil.c.csv,10.103,9.392,9.46,9.399,9.24,8.99,8.99,8.99,9.4,9.07,9.07,8.99,37.692,28.679,36.78,41.391,29.432,21.428,17.76,17.508,30.53,22.698,17.862,17.537,8.58,8.16,7.51,7.85,19.26,31.824,15.09,20.19
