Filename,Dy-CSRPO-ABEl.csv-RLen,Dy-ABlkDFSCSRPO-ABEl.csv-RLen,Dy-ABlkBFSCSRPO-ABEl.csv-RLen,Dy-ABlkCSRPO-ABEl.csv-RLen,Dy-CSRPO-ABEl-FC.csv-RLen,Dy-ABlkDFSCSRPO-ABEl-FC.csv-RLen,Dy-ABlkBFSCSRPO-ABEl-FC.csv-RLen,Dy-ABlkCSRPO-ABEl-FC.csv-RLen,Dy-CSRPO-ABEl-FCm.csv-RLen,Dy-ABlkDFSCSRPO-ABEl-FCm.csv-RLen,Dy-ABlkBFSCSRPO-ABEl-FCm.csv-RLen,Dy-ABlkCSRPO-ABEl-FCm.csv-RLen,Dy-CSRPO-lf.csv-RLen,Dy-ABlkDFSCSRPO-lf.csv-RLen,Dy-ABlkBFSCSRPO-lf.csv-RLen,Dy-ABlkCSRPO-lf.csv-RLen,Dy-CSRPO-lf-FC.csv-RLen,Dy-ABlkDFSCSRPO-lf-FC.csv-RLen,Dy-ABlkBFSCSRPO-lf-FC.csv-RLen,Dy-ABlkCSRPO-lf-FC.csv-RLen,Dy-CSRPO-lf-FCm.csv-RLen,Dy-ABlkDFSCSRPO-lf-FCm.csv-RLen,Dy-ABlkBFSCSRPO-lf-FCm.csv-RLen,Dy-ABlkCSRPO-lf-FCm.csv-RLen,Dy-CSRPO-PredAbs-ABEl.csv-RLen,Dy-ABlkDFSCSRPO-PredAbs-ABEl.csv-RLen,Dy-ABlkBFSCSRPO-PredAbs-ABEl.csv-RLen,Dy-ABlkCSRPO-PredAbs-ABEl.csv-RLen,Dy-CSRPO-PredAbs-ABElf.csv-RLen,Dy-ABlkDFSCSRPO-PredAbs-ABElf.csv-RLen,Dy-ABlkBFSCSRPO-PredAbs-ABElf.csv-RLen,Dy-ABlkCSRPO-PredAbs-ABElf.csv-RLen
git/pacc_cpachecker/DyResults/Summary/s3_srvr.blast.02_false-unreach-call.i.cil.c.csv,9.0,9.0,9.0,9.0,9.0,9.0,9.0,9.0,9.0,9.0,9.0,9.0,12.0,12.0,12.0,12.0,12.0,12.0,12.0,12.0,12.0,12.0,12.0,12.0,5.0,5.0,5.0,5.0,7.0,7.0,7.0,7.0
git/pacc_cpachecker/DyResults/Summary/diskperf_false-unreach-call.i.cil.c.csv,5.0,0.0,0.0,0.0,2.0,0.0,0.0,0.0,2.0,0.0,0.0,0.0,68480.0,384.0,286.0,83525.0,8239.0,355.0,286.0,9072.0,8899.0,355.0,286.0,14008.0,2.0,0.0,0.0,0.0,5710.0,393.0,548.0,5056.0
git/pacc_cpachecker/DyResults/Summary/s3_srvr.blast.14_false-unreach-call.i.cil.c.csv,20.0,20.0,20.0,20.0,20.0,20.0,20.0,20.0,20.0,20.0,20.0,20.0,25.0,25.0,25.0,25.0,25.0,25.0,25.0,25.0,25.0,25.0,25.0,25.0,14.0,14.0,14.0,14.0,18.0,18.0,18.0,18.0
git/pacc_cpachecker/DyResults/Summary/floppy2_true-unreach-call.i.cil.c.csv,5516.0,3664.0,3720.0,3647.0,105.0,1279.0,1280.0,1280.0,105.0,1297.0,1298.0,1280.0,604413.0,850504.0,201750.0,733493.0,13412.0,24248.0,8938.0,11749.0,20989.0,26423.0,16909.0,16146.0,2244.0,580.0,77.0,63.0,65167.0,77181.0,109116.0,59014.0
git/pacc_cpachecker/DyResults/Summary/s3_srvr.blast.02_true-unreach-call.i.cil.c.csv,230.0,230.0,230.0,230.0,189.0,189.0,189.0,189.0,209.0,209.0,209.0,209.0,228.0,228.0,228.0,228.0,207.0,207.0,207.0,207.0,228.0,228.0,228.0,228.0,35.0,35.0,35.0,35.0,32.0,32.0,32.0,32.0
git/pacc_cpachecker/DyResults/Summary/s3_srvr.blast.03_false-unreach-call.i.cil.c.csv,9.0,9.0,9.0,9.0,9.0,9.0,9.0,9.0,9.0,9.0,9.0,9.0,12.0,12.0,12.0,12.0,12.0,12.0,12.0,12.0,12.0,12.0,12.0,12.0,5.0,5.0,5.0,5.0,7.0,7.0,7.0,7.0
git/pacc_cpachecker/DyResults/Summary/s3_srvr.blast.09_true-unreach-call.i.cil.c.csv,189.0,189.0,189.0,189.0,65.0,65.0,65.0,65.0,170.0,170.0,170.0,170.0,168.0,168.0,168.0,168.0,150.0,150.0,150.0,150.0,168.0,168.0,168.0,168.0,47.0,47.0,47.0,47.0,48.0,48.0,48.0,48.0
git/pacc_cpachecker/DyResults/Summary/s3_srvr.blast.10_true-unreach-call.i.cil.c.csv,230.0,230.0,230.0,230.0,104.0,104.0,104.0,104.0,209.0,209.0,209.0,209.0,207.0,207.0,207.0,207.0,168.0,168.0,168.0,168.0,168.0,168.0,168.0,168.0,25.0,25.0,25.0,25.0,29.0,29.0,29.0,29.0
git/pacc_cpachecker/DyResults/Summary/s3_srvr.blast.12_true-unreach-call.i.cil.c.csv,189.0,189.0,189.0,189.0,189.0,189.0,189.0,189.0,209.0,209.0,209.0,209.0,187.0,187.0,187.0,187.0,187.0,187.0,187.0,187.0,207.0,207.0,207.0,207.0,38.0,38.0,38.0,38.0,43.0,43.0,43.0,43.0
git/pacc_cpachecker/DyResults/Summary/s3_srvr.blast.11_false-unreach-call.i.cil.c.csv,14.0,14.0,14.0,14.0,14.0,14.0,14.0,14.0,14.0,14.0,14.0,14.0,18.0,18.0,18.0,18.0,18.0,18.0,18.0,18.0,18.0,18.0,18.0,18.0,10.0,10.0,10.0,10.0,12.0,12.0,12.0,12.0
git/pacc_cpachecker/DyResults/Summary/s3_srvr.blast.06_true-unreach-call.i.cil.c.csv,275.0,275.0,275.0,275.0,324.0,324.0,324.0,324.0,252.0,252.0,252.0,252.0,375.0,375.0,375.0,375.0,150.0,150.0,150.0,150.0,168.0,168.0,168.0,168.0,59.0,59.0,59.0,59.0,64.0,64.0,64.0,64.0
git/pacc_cpachecker/DyResults/Summary/s3_srvr.blast.15_true-unreach-call.i.cil.c.csv,152.0,152.0,152.0,152.0,252.0,252.0,252.0,252.0,230.0,230.0,230.0,230.0,297.0,297.0,297.0,297.0,250.0,250.0,250.0,250.0,250.0,250.0,250.0,250.0,39.0,39.0,39.0,39.0,43.0,43.0,43.0,43.0
git/pacc_cpachecker/DyResults/Summary/s3_srvr.blast.15_false-unreach-call.i.cil.c.csv,54.0,54.0,54.0,54.0,54.0,54.0,54.0,54.0,54.0,54.0,54.0,54.0,63.0,63.0,63.0,63.0,63.0,63.0,63.0,63.0,63.0,63.0,63.0,63.0,16.0,16.0,16.0,16.0,35.0,35.0,35.0,35.0
git/pacc_cpachecker/DyResults/Summary/s3_srvr.blast.08_false-unreach-call.i.cil.c.csv,54.0,54.0,54.0,54.0,54.0,54.0,54.0,54.0,54.0,54.0,54.0,54.0,63.0,63.0,63.0,63.0,63.0,63.0,63.0,63.0,63.0,63.0,63.0,63.0,21.0,21.0,21.0,21.0,35.0,35.0,35.0,35.0
git/pacc_cpachecker/DyResults/Summary/s3_clnt.blast.03_false-unreach-call.i.cil.c.csv,20.0,20.0,20.0,20.0,20.0,20.0,20.0,20.0,20.0,20.0,20.0,20.0,25.0,25.0,25.0,25.0,25.0,25.0,25.0,25.0,25.0,25.0,25.0,25.0,11.0,11.0,11.0,11.0,14.0,14.0,14.0,14.0
git/pacc_cpachecker/DyResults/Summary/s3_srvr.blast.13_false-unreach-call.i.cil.c.csv,20.0,20.0,20.0,20.0,20.0,20.0,20.0,20.0,20.0,20.0,20.0,20.0,25.0,25.0,25.0,25.0,25.0,25.0,25.0,25.0,25.0,25.0,25.0,25.0,11.0,11.0,11.0,11.0,19.0,19.0,19.0,19.0
git/pacc_cpachecker/DyResults/Summary/s3_srvr.blast.11_true-unreach-call.i.cil.c.csv,189.0,189.0,189.0,189.0,170.0,170.0,170.0,170.0,152.0,152.0,152.0,152.0,150.0,150.0,150.0,150.0,150.0,150.0,150.0,150.0,150.0,150.0,150.0,150.0,23.0,23.0,23.0,23.0,58.0,58.0,58.0,58.0
git/pacc_cpachecker/DyResults/Summary/s3_srvr.blast.12_false-unreach-call.i.cil.c.csv,20.0,20.0,20.0,20.0,20.0,20.0,20.0,20.0,20.0,20.0,20.0,20.0,25.0,25.0,25.0,25.0,25.0,25.0,25.0,25.0,25.0,25.0,25.0,25.0,14.0,14.0,14.0,14.0,12.0,12.0,12.0,12.0
git/pacc_cpachecker/DyResults/Summary/s3_clnt.blast.04_false-unreach-call.i.cil.c.csv,20.0,20.0,20.0,20.0,20.0,20.0,20.0,20.0,20.0,20.0,20.0,20.0,25.0,25.0,25.0,25.0,25.0,25.0,25.0,25.0,25.0,25.0,25.0,25.0,11.0,11.0,11.0,11.0,14.0,14.0,14.0,14.0
git/pacc_cpachecker/DyResults/Summary/s3_clnt.blast.03_true-unreach-call.i.cil.c.csv,209.0,209.0,209.0,209.0,135.0,135.0,135.0,135.0,135.0,135.0,135.0,135.0,322.0,322.0,322.0,322.0,150.0,150.0,150.0,150.0,150.0,150.0,150.0,150.0,30.0,30.0,30.0,30.0,45.0,45.0,45.0,45.0
git/pacc_cpachecker/DyResults/Summary/cdaudio_true-unreach-call.i.cil.c.csv,91.2,50.0,50.0,50.0,50.0,50.0,50.0,50.0,50.0,50.0,50.0,50.0,7593.0,8106.0,7034.0,7195.0,2207.0,2184.0,2281.0,2213.0,2522.0,2313.0,2359.0,2357.0,18.0,18.0,18.0,18.0,29305.0,4644.0,9408.0,13511.0
git/pacc_cpachecker/DyResults/Summary/floppy_true-unreach-call.i.cil.c.csv,3769.6,2286.2,2259.2,2232.0,1155.0,1097.0,1097.0,1097.0,1194.0,1115.0,1115.0,1097.0,38532.9,19212.8,26619.6,50038.2,9896.0,4723.4,3676.0,3749.4,11264.0,5455.2,4026.4,3965.4,2248.0,473.0,1329.0,1491.0,24099.0,51195.7,31154.0,10338.0
git/pacc_cpachecker/DyResults/Summary/s3_srvr.blast.16_false-unreach-call.i.cil.c.csv,20.0,20.0,20.0,20.0,20.0,20.0,20.0,20.0,20.0,20.0,20.0,20.0,25.0,25.0,25.0,25.0,25.0,25.0,25.0,25.0,25.0,25.0,25.0,25.0,14.0,14.0,14.0,14.0,18.0,18.0,18.0,18.0
git/pacc_cpachecker/DyResults/Summary/s3_clnt.blast.04_true-unreach-call.i.cil.c.csv,152.0,152.0,152.0,152.0,135.0,135.0,135.0,135.0,135.0,135.0,135.0,135.0,375.0,375.0,375.0,375.0,150.0,150.0,150.0,150.0,150.0,150.0,150.0,150.0,43.0,43.0,43.0,43.0,34.0,34.0,34.0,34.0
git/pacc_cpachecker/DyResults/Summary/cdaudio_false-unreach-call.i.cil.c.csv,18311.4,15975.6,15623.1111111,15483.0,17844.6,15524.7,14949.0,15003.8888889,17999.9,15738.7,15574.2,161.0,692729.5,469219.7,518065.3,804248.3,277184.5,182041.4,202151.0,327554.111111,458762.3,300222.9,334218.5,532424.333333,10634.0,6625.85714286,6615.6,6636.25,77633.1111111,24697.8,51689.3333333,53539.0
git/pacc_cpachecker/DyResults/Summary/s3_clnt.blast.02_false-unreach-call.i.cil.c.csv,20.0,20.0,20.0,20.0,20.0,20.0,20.0,20.0,20.0,20.0,20.0,20.0,25.0,25.0,25.0,25.0,25.0,25.0,25.0,25.0,25.0,25.0,25.0,25.0,11.0,11.0,11.0,11.0,14.0,14.0,14.0,14.0
git/pacc_cpachecker/DyResults/Summary/s3_srvr.blast.14_true-unreach-call.i.cil.c.csv,252.0,252.0,252.0,252.0,209.0,209.0,209.0,209.0,230.0,230.0,230.0,230.0,228.0,228.0,228.0,228.0,250.0,250.0,250.0,250.0,133.0,133.0,133.0,133.0,45.0,45.0,45.0,45.0,59.0,59.0,59.0,59.0
git/pacc_cpachecker/DyResults/Summary/s3_srvr.blast.07_true-unreach-call.i.cil.c.csv,152.0,152.0,152.0,152.0,170.0,170.0,170.0,170.0,161.0,161.0,162.8,159.2,168.0,168.0,168.0,168.0,150.0,150.0,150.0,150.0,168.0,168.0,168.0,168.0,45.0,45.0,45.0,45.0,65.0,65.0,65.0,65.0
git/pacc_cpachecker/DyResults/Summary/s3_srvr.blast.09_false-unreach-call.i.cil.c.csv,20.0,20.0,20.0,20.0,20.0,20.0,20.0,20.0,20.0,20.0,20.0,20.0,25.0,25.0,25.0,25.0,25.0,25.0,25.0,25.0,25.0,25.0,25.0,25.0,15.0,15.0,15.0,15.0,19.0,19.0,19.0,19.0
git/pacc_cpachecker/DyResults/Summary/s3_srvr.blast.07_false-unreach-call.i.cil.c.csv,20.0,20.0,20.0,20.0,20.0,20.0,20.0,20.0,20.0,20.0,20.0,20.0,25.0,25.0,25.0,25.0,25.0,25.0,25.0,25.0,25.0,25.0,25.0,25.0,15.0,15.0,15.0,15.0,25.0,25.0,25.0,25.0
git/pacc_cpachecker/DyResults/Summary/kbfiltr_false-unreach-call.i.cil.c.csv,0.0,0.0,0.0,0.0,0.0,0.0,0.0,0.0,0.0,0.0,0.0,0.0,937.0,827.0,1153.0,1069.0,854.0,735.0,1005.0,921.0,854.0,735.0,1005.0,921.0,0.0,0.0,0.0,0.0,1645.0,670.0,1619.0,1053.0
git/pacc_cpachecker/DyResults/Summary/parport_false-unreach-call.i.cil.c.csv,0.0,0.0,0.0,0.0,0.0,0.0,0.0,0.0,0.0,0.0,0.0,0.0,2555.0,79.0,88.0,33.0,61.0,22.0,88.0,33.0,61.0,22.0,88.0,33.0,0.0,0.0,0.0,0.0,325.0,58.0,99.0,15.0
git/pacc_cpachecker/DyResults/Summary/s3_srvr.blast.13_true-unreach-call.i.cil.c.csv,104.0,104.0,104.0,104.0,170.0,170.0,170.0,170.0,127.0,133.4,128.6,125.4,187.0,187.0,187.0,187.0,157.2,162.6,155.4,153.6,168.0,168.0,168.0,168.0,24.0,24.0,24.0,24.0,35.0,35.0,35.0,35.0
git/pacc_cpachecker/DyResults/Summary/s3_srvr.blast.16_true-unreach-call.i.cil.c.csv,275.0,275.0,275.0,275.0,259.666666667,257.111111111,259.666666667,252.0,152.0,152.0,152.0,152.0,168.0,168.0,168.0,168.0,228.0,228.0,228.0,228.0,102.0,102.0,102.0,102.0,52.0,52.0,52.0,52.0,57.0,57.0,57.0,57.0
git/pacc_cpachecker/DyResults/Summary/s3_srvr.blast.01_false-unreach-call.i.cil.c.csv,9.0,9.0,9.0,9.0,9.0,9.0,9.0,9.0,9.0,9.0,9.0,9.0,12.0,12.0,12.0,12.0,12.0,12.0,12.0,12.0,12.0,12.0,12.0,12.0,9.0,9.0,9.0,9.0,12.0,12.0,12.0,12.0
git/pacc_cpachecker/DyResults/Summary/floppy_false-unreach-call.i.cil.c.csv,2633.2,0.0,0.0,0.0,975.4,0.0,0.0,0.0,1014.5,0.0,0.0,0.0,19370.0,171.0,483.0,17545.4,5085.0,171.0,483.0,2637.0,5221.0,171.0,483.0,2637.0,1862.0,0.0,0.0,0.0,8064.0,126.0,1991.0,3002.0
git/pacc_cpachecker/DyResults/Summary/s3_clnt.blast.01_true-unreach-call.i.cil.c.csv,170.0,170.0,170.0,170.0,135.0,135.0,135.0,135.0,135.0,135.0,135.0,135.0,207.0,207.0,207.0,207.0,150.0,150.0,150.0,150.0,150.0,150.0,150.0,150.0,43.0,43.0,43.0,43.0,48.0,48.0,48.0,48.0
git/pacc_cpachecker/DyResults/Summary/s3_clnt.blast.01_false-unreach-call.i.cil.c.csv,27.0,27.0,27.0,27.0,27.0,27.0,27.0,27.0,27.0,27.0,27.0,27.0,33.0,33.0,33.0,33.0,33.0,33.0,33.0,33.0,33.0,33.0,33.0,33.0,22.0,22.0,22.0,22.0,27.0,27.0,27.0,27.0
git/pacc_cpachecker/DyResults/Summary/s3_srvr.blast.10_false-unreach-call.i.cil.c.csv,54.0,54.0,54.0,54.0,54.0,54.0,54.0,54.0,54.0,54.0,54.0,54.0,63.0,63.0,63.0,63.0,63.0,63.0,63.0,63.0,63.0,63.0,63.0,63.0,22.0,22.0,22.0,22.0,35.0,35.0,35.0,35.0
git/pacc_cpachecker/DyResults/Summary/s3_srvr.blast.08_true-unreach-call.i.cil.c.csv,230.0,230.0,230.0,230.0,209.0,209.0,209.0,209.0,189.0,189.0,189.0,189.0,228.0,228.0,228.0,228.0,207.0,207.0,207.0,207.0,207.0,207.0,207.0,207.0,32.0,32.0,32.0,32.0,97.0,97.0,97.0,97.0
git/pacc_cpachecker/DyResults/Summary/diskperf_true-unreach-call.i.cil.c.csv,14.0,10.0,10.0,10.0,4.0,4.0,4.0,4.0,4.0,4.0,4.0,4.0,131880.0,117889.0,73950.0,127938.0,8767.0,14845.0,4759.0,9560.0,9983.0,15351.0,4759.0,15495.0,4.0,4.0,4.0,4.0,14363.0,7012.0,6321.0,6927.0
git/pacc_cpachecker/DyResults/Summary/parport_true-unreach-call.i.cil.c.csv,0.0,0.0,0.0,0.0,0.0,0.0,0.0,0.0,0.0,0.0,0.0,0.0,2555.0,543.0,124.0,33.0,61.0,277.0,124.0,33.0,61.0,277.0,124.0,33.0,0.0,0.0,0.0,0.0,325.0,2369.0,153.0,15.0
git/pacc_cpachecker/DyResults/Summary/s3_srvr.blast.06_false-unreach-call.i.cil.c.csv,20.0,20.0,20.0,20.0,20.0,20.0,20.0,20.0,20.0,20.0,20.0,20.0,25.0,25.0,25.0,25.0,25.0,25.0,25.0,25.0,25.0,25.0,25.0,25.0,14.0,14.0,14.0,14.0,18.0,18.0,18.0,18.0
git/pacc_cpachecker/DyResults/Summary/s3_clnt.blast.02_true-unreach-call.i.cil.c.csv,209.0,209.0,209.0,209.0,119.0,119.0,119.0,119.0,135.0,135.0,135.0,135.0,168.0,168.0,168.0,168.0,150.0,150.0,150.0,150.0,150.0,150.0,150.0,150.0,42.0,42.0,42.0,42.0,65.0,65.0,65.0,65.0
git/pacc_cpachecker/DyResults/Summary/s3_srvr.blast.04_false-unreach-call.i.cil.c.csv,9.0,9.0,9.0,9.0,9.0,9.0,9.0,9.0,9.0,9.0,9.0,9.0,12.0,12.0,12.0,12.0,12.0,12.0,12.0,12.0,12.0,12.0,12.0,12.0,5.0,5.0,5.0,5.0,7.0,7.0,7.0,7.0
git/pacc_cpachecker/DyResults/Summary/s3_srvr.blast.01_true-unreach-call.i.cil.c.csv,299.0,299.0,299.0,299.0,209.0,209.0,209.0,209.0,230.0,230.0,230.0,230.0,273.0,273.0,273.0,273.0,207.0,207.0,207.0,207.0,228.0,228.0,228.0,228.0,34.0,34.0,34.0,34.0,52.0,52.0,52.0,52.0
