Filename,Dy-CSRPO-ABEl.csv-AFC,Dy-ABlkDFSCSRPO-ABEl.csv-AFC,Dy-ABlkBFSCSRPO-ABEl.csv-AFC,Dy-ABlkCSRPO-ABEl.csv-AFC,Dy-CSRPO-ABEl-FC.csv-AFC,Dy-ABlkDFSCSRPO-ABEl-FC.csv-AFC,Dy-ABlkBFSCSRPO-ABEl-FC.csv-AFC,Dy-ABlkCSRPO-ABEl-FC.csv-AFC,Dy-CSRPO-ABEl-FCm.csv-AFC,Dy-ABlkDFSCSRPO-ABEl-FCm.csv-AFC,Dy-ABlkBFSCSRPO-ABEl-FCm.csv-AFC,Dy-ABlkCSRPO-ABEl-FCm.csv-AFC,Dy-CSRPO-lf.csv-AFC,Dy-ABlkDFSCSRPO-lf.csv-AFC,Dy-ABlkBFSCSRPO-lf.csv-AFC,Dy-ABlkCSRPO-lf.csv-AFC,Dy-CSRPO-lf-FC.csv-AFC,Dy-ABlkDFSCSRPO-lf-FC.csv-AFC,Dy-ABlkBFSCSRPO-lf-FC.csv-AFC,Dy-ABlkCSRPO-lf-FC.csv-AFC,Dy-CSRPO-lf-FCm.csv-AFC,Dy-ABlkDFSCSRPO-lf-FCm.csv-AFC,Dy-ABlkBFSCSRPO-lf-FCm.csv-AFC,Dy-ABlkCSRPO-lf-FCm.csv-AFC,Dy-CSRPO-PredAbs-ABEl.csv-AFC,Dy-ABlkDFSCSRPO-PredAbs-ABEl.csv-AFC,Dy-ABlkBFSCSRPO-PredAbs-ABEl.csv-AFC,Dy-ABlkCSRPO-PredAbs-ABEl.csv-AFC,Dy-CSRPO-PredAbs-ABElf.csv-AFC,Dy-ABlkDFSCSRPO-PredAbs-ABElf.csv-AFC,Dy-ABlkBFSCSRPO-PredAbs-ABElf.csv-AFC,Dy-ABlkCSRPO-PredAbs-ABElf.csv-AFC
git/pacc_cpachecker/DyResults/Summary/floppy2_true-unreach-call.i.cil.c.csv,nan,nan,nan,nan,36.0,202.0,203.0,186.0,36.0,110.0,111.0,108.0,nan,nan,nan,nan,979.0,1651.0,705.0,948.0,1170.0,1076.0,836.0,844.0,nan,nan,nan,nan,nan,nan,nan,nan
git/pacc_cpachecker/DyResults/Summary/s3_clnt.blast.04_false-unreach-call.i.cil.c.csv,nan,nan,nan,nan,15.0,15.0,15.0,15.0,14.0,14.0,14.0,14.0,nan,nan,nan,nan,15.0,15.0,15.0,15.0,14.0,14.0,14.0,14.0,nan,nan,nan,nan,nan,nan,nan,nan
git/pacc_cpachecker/DyResults/Summary/s3_srvr.blast.12_true-unreach-call.i.cil.c.csv,nan,nan,nan,nan,171.0,171.0,171.0,171.0,70.0,70.0,70.0,70.0,nan,nan,nan,nan,153.0,153.0,153.0,153.0,66.0,66.0,66.0,66.0,nan,nan,nan,nan,nan,nan,nan,nan
git/pacc_cpachecker/DyResults/Summary/s3_srvr.blast.16_false-unreach-call.i.cil.c.csv,nan,nan,nan,nan,15.0,15.0,15.0,15.0,14.0,14.0,14.0,14.0,nan,nan,nan,nan,15.0,15.0,15.0,15.0,14.0,14.0,14.0,14.0,nan,nan,nan,nan,nan,nan,nan,nan
git/pacc_cpachecker/DyResults/Summary/s3_srvr.blast.04_false-unreach-call.i.cil.c.csv,nan,nan,nan,nan,6.0,6.0,6.0,6.0,6.0,6.0,6.0,6.0,nan,nan,nan,nan,6.0,6.0,6.0,6.0,6.0,6.0,6.0,6.0,nan,nan,nan,nan,nan,nan,nan,nan
git/pacc_cpachecker/DyResults/Summary/s3_srvr.blast.08_false-unreach-call.i.cil.c.csv,nan,nan,nan,nan,45.0,45.0,45.0,45.0,30.0,30.0,30.0,30.0,nan,nan,nan,nan,45.0,45.0,45.0,45.0,30.0,30.0,30.0,30.0,nan,nan,nan,nan,nan,nan,nan,nan
git/pacc_cpachecker/DyResults/Summary/s3_clnt.blast.02_true-unreach-call.i.cil.c.csv,nan,nan,nan,nan,91.0,91.0,91.0,91.0,50.0,50.0,50.0,50.0,nan,nan,nan,nan,106.0,106.0,106.0,106.0,51.0,51.0,51.0,51.0,nan,nan,nan,nan,nan,nan,nan,nan
git/pacc_cpachecker/DyResults/Summary/s3_srvr.blast.09_false-unreach-call.i.cil.c.csv,nan,nan,nan,nan,15.0,15.0,15.0,15.0,14.0,14.0,14.0,14.0,nan,nan,nan,nan,15.0,15.0,15.0,15.0,14.0,14.0,14.0,14.0,nan,nan,nan,nan,nan,nan,nan,nan
git/pacc_cpachecker/DyResults/Summary/kbfiltr_false-unreach-call.i.cil.c.csv,nan,nan,nan,nan,0.0,0.0,0.0,0.0,0.0,0.0,0.0,0.0,nan,nan,nan,nan,13.0,16.0,15.0,11.0,13.0,16.0,15.0,11.0,nan,nan,nan,nan,nan,nan,nan,nan
git/pacc_cpachecker/DyResults/Summary/s3_srvr.blast.06_false-unreach-call.i.cil.c.csv,nan,nan,nan,nan,15.0,15.0,15.0,15.0,14.0,14.0,14.0,14.0,nan,nan,nan,nan,15.0,15.0,15.0,15.0,14.0,14.0,14.0,14.0,nan,nan,nan,nan,nan,nan,nan,nan
git/pacc_cpachecker/DyResults/Summary/s3_srvr.blast.11_false-unreach-call.i.cil.c.csv,nan,nan,nan,nan,10.0,10.0,10.0,10.0,10.0,10.0,10.0,10.0,nan,nan,nan,nan,10.0,10.0,10.0,10.0,10.0,10.0,10.0,10.0,nan,nan,nan,nan,nan,nan,nan,nan
git/pacc_cpachecker/DyResults/Summary/s3_srvr.blast.15_false-unreach-call.i.cil.c.csv,nan,nan,nan,nan,45.0,45.0,45.0,45.0,30.0,30.0,30.0,30.0,nan,nan,nan,nan,45.0,45.0,45.0,45.0,30.0,30.0,30.0,30.0,nan,nan,nan,nan,nan,nan,nan,nan
git/pacc_cpachecker/DyResults/Summary/s3_srvr.blast.01_true-unreach-call.i.cil.c.csv,nan,nan,nan,nan,175.3,175.1,175.3,175.5,72.0,72.0,72.0,72.2,nan,nan,nan,nan,158.3,158.0,158.3,158.0,70.0,70.0,70.0,70.0,nan,nan,nan,nan,nan,nan,nan,nan
git/pacc_cpachecker/DyResults/Summary/diskperf_false-unreach-call.i.cil.c.csv,nan,nan,nan,nan,1.0,0.0,0.0,0.0,1.0,0.0,0.0,0.0,nan,nan,nan,nan,377.0,4.0,3.0,289.0,382.0,4.0,3.0,273.0,nan,nan,nan,nan,nan,nan,nan,nan
git/pacc_cpachecker/DyResults/Summary/s3_srvr.blast.13_true-unreach-call.i.cil.c.csv,nan,nan,nan,nan,141.1,141.0,141.0,141.1,50.7,51.5,51.0,50.7,nan,nan,nan,nan,120.4,120.7,120.3,120.1,58.0,58.0,58.0,58.0,nan,nan,nan,nan,nan,nan,nan,nan
git/pacc_cpachecker/DyResults/Summary/s3_srvr.blast.03_false-unreach-call.i.cil.c.csv,nan,nan,nan,nan,6.0,6.0,6.0,6.0,6.0,6.0,6.0,6.0,nan,nan,nan,nan,6.0,6.0,6.0,6.0,6.0,6.0,6.0,6.0,nan,nan,nan,nan,nan,nan,nan,nan
git/pacc_cpachecker/DyResults/Summary/parport_true-unreach-call.i.cil.c.csv,nan,nan,nan,nan,0.0,0.0,0.0,0.0,0.0,0.0,0.0,0.0,nan,nan,nan,nan,75053.1,25.0,0.0,0.0,6165.11111111,25.0,0.0,0.0,nan,nan,nan,nan,nan,nan,nan,nan
git/pacc_cpachecker/DyResults/Summary/s3_srvr.blast.15_true-unreach-call.i.cil.c.csv,nan,nan,nan,nan,214.0,214.0,214.0,214.0,74.0,74.0,74.0,74.0,nan,nan,nan,nan,210.0,210.0,210.0,210.0,74.0,74.0,74.0,74.0,nan,nan,nan,nan,nan,nan,nan,nan
git/pacc_cpachecker/DyResults/Summary/s3_srvr.blast.07_true-unreach-call.i.cil.c.csv,nan,nan,nan,nan,151.7,151.8,150.9,152.888888889,60.0,60.0,60.4,59.6,nan,nan,nan,nan,120.0,120.0,120.0,120.0,58.0,58.0,58.0,58.0,nan,nan,nan,nan,nan,nan,nan,nan
git/pacc_cpachecker/DyResults/Summary/cdaudio_false-unreach-call.i.cil.c.csv,nan,nan,nan,nan,1869.7,1760.1,3460.0,3477.55555556,505.5,478.0,586.6,1046.2,nan,nan,nan,nan,9935.8,10089.7,10024.6666667,9918.66666667,1493.0,1503.3,1498.7,1481.88888889,nan,nan,nan,nan,nan,nan,nan,nan
git/pacc_cpachecker/DyResults/Summary/s3_srvr.blast.02_true-unreach-call.i.cil.c.csv,nan,nan,nan,nan,171.0,171.0,171.0,171.0,70.0,70.0,70.0,70.0,nan,nan,nan,nan,160.0,159.8,159.9,159.5,69.4,69.8,69.6,69.5,nan,nan,nan,nan,nan,nan,nan,nan
git/pacc_cpachecker/DyResults/Summary/s3_srvr.blast.08_true-unreach-call.i.cil.c.csv,nan,nan,nan,nan,190.0,190.0,190.0,190.0,66.0,66.0,66.0,66.0,nan,nan,nan,nan,171.0,171.0,171.0,171.0,66.0,66.0,66.0,66.0,nan,nan,nan,nan,nan,nan,nan,nan
git/pacc_cpachecker/DyResults/Summary/s3_clnt.blast.01_true-unreach-call.i.cil.c.csv,nan,nan,nan,nan,105.0,105.0,105.0,105.0,51.0,51.0,51.0,51.0,nan,nan,nan,nan,106.0,106.0,106.0,106.0,51.0,51.0,51.0,51.0,nan,nan,nan,nan,nan,nan,nan,nan
git/pacc_cpachecker/DyResults/Summary/parport_false-unreach-call.i.cil.c.csv,nan,nan,nan,nan,0.0,0.0,0.0,0.0,0.0,0.0,0.0,0.0,nan,nan,nan,nan,75230.9,2.0,0.0,0.0,6122.66666667,2.0,0.0,0.0,nan,nan,nan,nan,nan,nan,nan,nan
git/pacc_cpachecker/DyResults/Summary/diskperf_true-unreach-call.i.cil.c.csv,nan,nan,nan,nan,2.0,1.0,1.0,1.0,2.0,1.0,1.0,1.0,nan,nan,nan,nan,592.0,452.0,193.0,456.0,580.0,444.0,193.0,470.0,nan,nan,nan,nan,nan,nan,nan,nan
git/pacc_cpachecker/DyResults/Summary/s3_clnt.blast.04_true-unreach-call.i.cil.c.csv,nan,nan,nan,nan,106.0,106.0,106.0,106.0,51.0,51.0,51.0,51.0,nan,nan,nan,nan,106.0,106.0,106.0,106.0,51.0,51.0,51.0,51.0,nan,nan,nan,nan,nan,nan,nan,nan
git/pacc_cpachecker/DyResults/Summary/s3_srvr.blast.07_false-unreach-call.i.cil.c.csv,nan,nan,nan,nan,15.0,15.0,15.0,15.0,14.0,14.0,14.0,14.0,nan,nan,nan,nan,15.0,15.0,15.0,15.0,14.0,14.0,14.0,14.0,nan,nan,nan,nan,nan,nan,nan,nan
git/pacc_cpachecker/DyResults/Summary/s3_srvr.blast.01_false-unreach-call.i.cil.c.csv,nan,nan,nan,nan,6.0,6.0,6.0,6.0,6.0,6.0,6.0,6.0,nan,nan,nan,nan,6.0,6.0,6.0,6.0,6.0,6.0,6.0,6.0,nan,nan,nan,nan,nan,nan,nan,nan
git/pacc_cpachecker/DyResults/Summary/s3_srvr.blast.10_true-unreach-call.i.cil.c.csv,nan,nan,nan,nan,90.0,89.0,89.0,89.0,70.0,70.0,70.0,70.0,nan,nan,nan,nan,136.0,136.0,136.0,136.0,58.0,58.0,58.0,58.0,nan,nan,nan,nan,nan,nan,nan,nan
git/pacc_cpachecker/DyResults/Summary/s3_srvr.blast.14_true-unreach-call.i.cil.c.csv,nan,nan,nan,nan,190.0,190.0,189.4,189.8,74.0,74.0,74.0,74.0,nan,nan,nan,nan,193.0,193.0,193.0,193.0,50.0,50.0,50.0,50.0,nan,nan,nan,nan,nan,nan,nan,nan
git/pacc_cpachecker/DyResults/Summary/s3_srvr.blast.02_false-unreach-call.i.cil.c.csv,nan,nan,nan,nan,6.0,6.0,6.0,6.0,6.0,6.0,6.0,6.0,nan,nan,nan,nan,6.0,6.0,6.0,6.0,6.0,6.0,6.0,6.0,nan,nan,nan,nan,nan,nan,nan,nan
git/pacc_cpachecker/DyResults/Summary/floppy_true-unreach-call.i.cil.c.csv,nan,nan,nan,nan,359.0,179.0,179.0,162.0,125.0,87.0,87.0,84.0,nan,nan,nan,nan,1960.8,550.8,256.0,234.9,1072.6,378.8,215.6,221.9,nan,nan,nan,nan,nan,nan,nan,nan
git/pacc_cpachecker/DyResults/Summary/floppy_false-unreach-call.i.cil.c.csv,nan,nan,nan,nan,372.4,0.0,0.0,0.0,138.5,0.0,0.0,0.0,nan,nan,nan,nan,585.0,2.0,4.0,64.0,262.0,2.0,4.0,64.0,nan,nan,nan,nan,nan,nan,nan,nan
git/pacc_cpachecker/DyResults/Summary/s3_srvr.blast.16_true-unreach-call.i.cil.c.csv,nan,nan,nan,nan,231.333333333,231.2,231.333333333,231.0,58.0,58.0,58.0,58.0,nan,nan,nan,nan,190.0,190.0,190.0,190.0,42.0,42.0,42.0,42.0,nan,nan,nan,nan,nan,nan,nan,nan
git/pacc_cpachecker/DyResults/Summary/s3_clnt.blast.02_false-unreach-call.i.cil.c.csv,nan,nan,nan,nan,15.0,15.0,15.0,15.0,14.0,14.0,14.0,14.0,nan,nan,nan,nan,15.0,15.0,15.0,15.0,14.0,14.0,14.0,14.0,nan,nan,nan,nan,nan,nan,nan,nan
git/pacc_cpachecker/DyResults/Summary/s3_srvr.blast.13_false-unreach-call.i.cil.c.csv,nan,nan,nan,nan,15.0,15.0,15.0,15.0,14.0,14.0,14.0,14.0,nan,nan,nan,nan,15.0,15.0,15.0,15.0,14.0,14.0,14.0,14.0,nan,nan,nan,nan,nan,nan,nan,nan
git/pacc_cpachecker/DyResults/Summary/s3_srvr.blast.06_true-unreach-call.i.cil.c.csv,nan,nan,nan,nan,277.1,277.222222222,277.0,277.1,74.0,74.5,74.0,74.0,nan,nan,nan,nan,120.0,120.0,120.0,120.0,58.0,58.0,58.0,58.0,nan,nan,nan,nan,nan,nan,nan,nan
git/pacc_cpachecker/DyResults/Summary/cdaudio_true-unreach-call.i.cil.c.csv,nan,nan,nan,nan,15.0,10.0,10.0,10.0,15.0,10.0,10.0,10.0,nan,nan,nan,nan,283.0,153.0,219.0,190.0,252.0,150.0,201.0,260.0,nan,nan,nan,nan,nan,nan,nan,nan
git/pacc_cpachecker/DyResults/Summary/s3_srvr.blast.10_false-unreach-call.i.cil.c.csv,nan,nan,nan,nan,45.0,45.0,45.0,45.0,30.0,30.0,30.0,30.0,nan,nan,nan,nan,45.0,45.0,45.0,45.0,30.0,30.0,30.0,30.0,nan,nan,nan,nan,nan,nan,nan,nan
git/pacc_cpachecker/DyResults/Summary/s3_clnt.blast.03_true-unreach-call.i.cil.c.csv,nan,nan,nan,nan,106.0,106.0,106.0,106.0,51.0,51.0,51.0,51.0,nan,nan,nan,nan,106.0,106.0,106.0,106.0,51.0,51.0,51.0,51.0,nan,nan,nan,nan,nan,nan,nan,nan
git/pacc_cpachecker/DyResults/Summary/s3_srvr.blast.09_true-unreach-call.i.cil.c.csv,nan,nan,nan,nan,55.0,55.0,55.0,55.0,62.0,62.0,62.0,62.0,nan,nan,nan,nan,120.0,120.0,120.0,120.0,58.0,58.0,58.0,58.0,nan,nan,nan,nan,nan,nan,nan,nan
git/pacc_cpachecker/DyResults/Summary/s3_clnt.blast.01_false-unreach-call.i.cil.c.csv,nan,nan,nan,nan,21.0,21.0,21.0,21.0,18.0,18.0,18.0,18.0,nan,nan,nan,nan,21.0,21.0,21.0,21.0,18.0,18.0,18.0,18.0,nan,nan,nan,nan,nan,nan,nan,nan
git/pacc_cpachecker/DyResults/Summary/s3_srvr.blast.14_false-unreach-call.i.cil.c.csv,nan,nan,nan,nan,15.0,15.0,15.0,15.0,14.0,14.0,14.0,14.0,nan,nan,nan,nan,15.0,15.0,15.0,15.0,14.0,14.0,14.0,14.0,nan,nan,nan,nan,nan,nan,nan,nan
git/pacc_cpachecker/DyResults/Summary/s3_clnt.blast.03_false-unreach-call.i.cil.c.csv,nan,nan,nan,nan,15.0,15.0,15.0,15.0,14.0,14.0,14.0,14.0,nan,nan,nan,nan,15.0,15.0,15.0,15.0,14.0,14.0,14.0,14.0,nan,nan,nan,nan,nan,nan,nan,nan
git/pacc_cpachecker/DyResults/Summary/s3_srvr.blast.11_true-unreach-call.i.cil.c.csv,nan,nan,nan,nan,137.9,137.9,138.2,138.4,58.0,58.0,58.0,58.0,nan,nan,nan,nan,120.0,120.0,120.0,120.0,54.0,54.0,54.0,54.0,nan,nan,nan,nan,nan,nan,nan,nan
git/pacc_cpachecker/DyResults/Summary/s3_srvr.blast.12_false-unreach-call.i.cil.c.csv,nan,nan,nan,nan,15.0,15.0,15.0,15.0,14.0,14.0,14.0,14.0,nan,nan,nan,nan,15.0,15.0,15.0,15.0,14.0,14.0,14.0,14.0,nan,nan,nan,nan,nan,nan,nan,nan
